ruler,frequency,participant,fixation_cond,trialNumber,rt,stick
BW,High,21181,central,1,301.07319995295256,BW.High
RG,High,21181,central,2,350.45440000249073,RG.High
RG,Low,21181,central,3,284.46669998811603,RG.Low
BW,Low,21181,central,4,233.3941999822855,BW.Low
BW,Low,21181,central,5,317.8639999823645,BW.Low
RG,High,21181,central,7,283.5779000306502,RG.High
BW,High,21181,central,8,268.2882000226523,BW.High
RG,Low,21181,central,9,251.10469997162,RG.Low
BW,High,21181,central,10,283.72519998811185,BW.High
RG,High,21181,central,11,367.7294999943115,RG.High
BW,Low,21181,central,12,250.31309999758378,BW.Low
BW,Low,21181,central,13,251.07689999276684,BW.Low
BW,High,21181,central,14,284.4078000052832,BW.High
RG,High,21181,central,15,317.6204000483267,RG.High
RG,Low,21181,central,16,317.23079999210313,RG.Low
RG,High,21181,central,17,317.06540001323447,RG.High
BW,High,21181,central,18,283.85900001740083,BW.High
RG,High,21181,central,19,284.4897999893874,RG.High
BW,Low,21181,central,20,267.79050001641735,BW.Low
BW,High,21181,central,21,334.2435000231485,BW.High
RG,Low,21181,central,22,283.9774999883955,RG.Low
RG,Low,21181,central,24,300.57630001101734,RG.Low
RG,Low,21181,central,25,317.27820000378415,RG.Low
BW,High,21181,central,26,284.43160001188517,BW.High
BW,Low,21181,central,27,300.7508000009693,BW.Low
BW,Low,21181,central,28,283.8113000034357,BW.Low
RG,High,21181,central,29,284.37120001763105,RG.High
BW,High,21181,central,30,284.584500011988,BW.High
RG,High,21181,central,31,301.00630002561957,RG.High
RG,Low,21181,central,32,317.45949998730794,RG.Low
RG,High,21181,peripheral,1,284.1417000163349,RG.High
RG,High,21181,peripheral,2,317.95330002205446,RG.High
BW,High,21181,peripheral,3,267.805400013458,BW.High
BW,High,21181,peripheral,5,284.42769998218864,BW.High
BW,Low,21181,peripheral,6,250.7579000084661,BW.Low
RG,Low,21181,peripheral,7,317.9785999818714,RG.Low
BW,Low,21181,peripheral,8,250.81619998672977,BW.Low
RG,High,21181,peripheral,9,350.7452000048934,RG.High
RG,Low,21181,peripheral,10,283.4836000110954,RG.Low
BW,High,21181,peripheral,11,317.8244999726303,BW.High
BW,High,21181,peripheral,12,300.6610999582326,BW.High
BW,Low,21181,peripheral,14,250.70719997165725,BW.Low
BW,Low,21181,peripheral,15,285.2664000238292,BW.Low
RG,Low,21181,peripheral,16,284.242199966684,RG.Low
BW,Low,21181,peripheral,17,267.4152000108734,BW.Low
BW,High,21181,peripheral,18,317.9069999605417,BW.High
RG,High,21181,peripheral,19,333.8672000099905,RG.High
BW,High,21181,peripheral,20,301.3867000117898,BW.High
RG,Low,21181,peripheral,21,283.60970003996044,RG.Low
RG,High,21181,peripheral,22,301.0851999861188,RG.High
RG,Low,21181,peripheral,23,251.04529998498037,RG.Low
BW,High,21181,peripheral,26,317.4187000258826,BW.High
BW,Low,21181,peripheral,27,250.47010002890556,BW.Low
BW,Low,21181,peripheral,29,233.41750004328787,BW.Low
RG,High,21181,peripheral,30,284.27919995738193,RG.High
RG,Low,21181,peripheral,31,351.42900003120303,RG.Low
BW,High,21181,peripheral,32,450.38190000923305,BW.High
BW,Low,21181,peripheral,1,250.5894000059925,BW.Low
BW,High,21181,peripheral,2,317.9338000481948,BW.High
RG,Low,21181,peripheral,3,317.59059999603755,RG.Low
BW,High,21181,peripheral,4,267.02630001818807,BW.High
RG,High,21181,peripheral,5,300.72820000350475,RG.High
RG,High,21181,peripheral,6,284.86979997251274,RG.High
RG,Low,21181,peripheral,7,234.12969999480947,RG.Low
BW,Low,21181,peripheral,8,233.76440000720322,BW.Low
RG,Low,21181,peripheral,9,283.86519994819537,RG.Low
BW,Low,21181,peripheral,10,251.29380001453683,BW.Low
RG,High,21181,peripheral,11,267.23360002506615,RG.High
BW,Low,21181,peripheral,12,251.1528999893926,BW.Low
BW,High,21181,peripheral,13,250.5465999711305,BW.High
BW,High,21181,peripheral,14,251.36979995295405,BW.High
RG,Low,21181,peripheral,15,283.3677000016903,RG.Low
RG,High,21181,peripheral,16,300.57089996989816,RG.High
BW,High,21181,peripheral,17,351.03319998597635,BW.High
RG,High,21181,peripheral,18,283.712700009346,RG.High
BW,Low,21181,peripheral,19,233.98109996924177,BW.Low
RG,Low,21181,peripheral,20,284.31329998420506,RG.Low
BW,Low,21181,peripheral,21,217.41809998638882,BW.Low
BW,High,21181,peripheral,22,316.99149997439144,BW.High
RG,High,21181,peripheral,23,317.3246000078516,RG.High
RG,Low,21181,peripheral,24,317.4370999913665,RG.Low
RG,Low,21181,peripheral,25,283.47110003232956,RG.Low
RG,Low,21181,peripheral,27,250.6588000105694,RG.Low
RG,High,21181,peripheral,28,284.7648999886587,RG.High
RG,High,21181,peripheral,29,316.79820001590997,RG.High
BW,Low,21181,peripheral,30,250.28759997803718,BW.Low
BW,Low,21181,peripheral,31,283.6497999960561,BW.Low
RG,Low,21181,central,3,266.67470001848505,RG.Low
BW,High,21181,central,4,249.37089998275042,BW.High
BW,Low,21181,central,5,233.5510000120844,BW.Low
RG,Low,21181,central,6,250.5896000075154,RG.Low
RG,High,21181,central,7,267.23759999731556,RG.High
BW,High,21181,central,8,249.7511999681592,BW.High
BW,High,21181,central,9,449.8361999867484,BW.High
RG,Low,21181,central,10,283.5635000374168,RG.Low
BW,Low,21181,central,11,250.469400023575,BW.Low
RG,Low,21181,central,12,266.9010999961747,RG.Low
RG,High,21181,central,13,267.2931000124663,RG.High
RG,High,21181,central,14,317.35810003010556,RG.High
BW,Low,21181,central,15,266.9532999861983,BW.Low
BW,High,21181,central,16,283.57989998767107,BW.High
BW,Low,21181,central,17,217.12879999540658,BW.Low
RG,Low,21181,central,18,300.69890001323074,RG.Low
RG,High,21181,central,19,301.1154999840071,RG.High
RG,High,21181,central,21,300.5379000096582,RG.High
BW,High,21181,central,22,350.30940000433475,BW.High
RG,Low,21181,central,23,334.4873000169173,RG.Low
BW,Low,21181,central,24,283.2878999761306,BW.Low
RG,High,21181,central,25,317.6583999884315,RG.High
RG,Low,21181,central,26,300.8301999652758,RG.Low
BW,Low,21181,central,27,300.824199977797,BW.Low
RG,High,21181,central,28,384.3615000369032,RG.High
BW,High,21181,central,29,400.4920999868773,BW.High
BW,Low,21181,central,30,284.52099999412894,BW.Low
RG,Low,21181,central,31,316.69649999821604,RG.Low
BW,High,21181,central,32,383.9509999961592,BW.High
BW,Low,21539,peripheral,1,318.02299997070804,BW.Low
RG,Low,21539,peripheral,2,301.0429999558246,RG.Low
BW,High,21539,peripheral,3,250.79150003148243,BW.High
BW,Low,21539,peripheral,4,350.5235000047837,BW.Low
RG,High,21539,peripheral,5,367.96719999983816,RG.High
BW,High,21539,peripheral,6,268.09460000367835,BW.High
RG,High,21539,peripheral,7,417.80520003521815,RG.High
RG,Low,21539,peripheral,8,384.0328000369482,RG.Low
RG,High,21539,peripheral,9,300.63349998090416,RG.High
RG,Low,21539,peripheral,12,251.08369998633862,RG.Low
RG,High,21539,peripheral,13,317.8789999801661,RG.High
BW,Low,21539,peripheral,14,300.3644000273198,BW.Low
BW,High,21539,peripheral,15,267.09600002504885,BW.High
RG,Low,21539,peripheral,16,284.358900040389,RG.Low
BW,High,21539,peripheral,17,301.07560002943455,BW.High
RG,High,21539,peripheral,18,417.45830001309514,RG.High
RG,High,21539,peripheral,19,417.0655999914743,RG.High
BW,Low,21539,peripheral,23,301.16920004365966,BW.Low
RG,Low,21539,peripheral,24,334.61320004425943,RG.Low
BW,Low,21539,peripheral,25,383.92320001730786,BW.Low
RG,Low,21539,peripheral,26,300.1590000349097,RG.Low
BW,Low,21539,peripheral,27,250.82219997420907,BW.Low
BW,High,21539,peripheral,28,300.93109997687816,BW.High
RG,Low,21539,peripheral,30,350.35080002853647,RG.Low
BW,High,21539,peripheral,31,317.47609999729275,BW.High
BW,High,21539,central,1,383.8041000417438,BW.High
BW,Low,21539,central,2,267.35669997287914,BW.Low
BW,High,21539,central,6,316.95780000882223,BW.High
RG,High,21539,central,7,317.45390000287443,RG.High
RG,Low,21539,central,8,433.0602000118233,RG.Low
BW,High,21539,central,10,350.71389999939174,BW.High
BW,High,21539,central,11,300.1671999809332,BW.High
RG,Low,21539,central,12,317.1235000481829,RG.Low
BW,Low,21539,central,13,283.73969998210623,BW.Low
RG,Low,21539,central,14,333.3378999959675,RG.Low
BW,Low,21539,central,15,267.49019999988377,BW.Low
RG,High,21539,central,16,334.29279999108985,RG.High
BW,High,21539,central,17,317.7650000434369,BW.High
RG,Low,21539,central,18,401.1532000149591,RG.Low
BW,High,21539,central,19,266.59660000586973,BW.High
BW,Low,21539,central,21,267.2298999968907,BW.Low
RG,Low,21539,central,22,300.98320002434775,RG.Low
BW,Low,21539,central,23,283.60699996119365,BW.Low
RG,High,21539,central,24,417.03900002175965,RG.High
RG,High,21539,central,25,334.499099990353,RG.High
RG,Low,21539,central,26,367.6248000119813,RG.Low
BW,High,21539,central,27,350.11920001124963,BW.High
BW,Low,21539,central,28,233.79189998377115,BW.Low
RG,High,21539,central,29,366.9493999914266,RG.High
RG,Low,21539,central,30,283.98129995912313,RG.Low
BW,Low,21539,central,31,266.77810004912317,BW.Low
BW,High,21539,central,32,267.34649995341897,BW.High
BW,Low,21539,central,1,267.1191000263209,BW.Low
BW,High,21539,central,2,301.16049997741356,BW.High
RG,Low,21539,central,3,400.8545000106096,RG.Low
RG,Low,21539,central,4,384.22239996725693,RG.Low
RG,High,21539,central,5,334.24809999996796,RG.High
BW,High,21539,central,6,316.86449999688193,BW.High
RG,High,21539,central,7,350.7689000107348,RG.High
BW,Low,21539,central,8,300.10140000376896,BW.Low
BW,High,21539,central,9,300.86720001418234,BW.High
RG,High,21539,central,10,268.0420000106096,RG.High
BW,Low,21539,central,12,317.8773000254296,BW.Low
BW,Low,21539,central,13,285.1231999811721,BW.Low
RG,Low,21539,central,14,316.58240000251635,RG.Low
RG,Low,21539,central,15,351.1687000282109,RG.Low
BW,High,21539,central,16,250.54740003542952,BW.High
RG,Low,21539,central,17,318.16409999737516,RG.Low
BW,Low,21539,central,18,401.18950000032805,BW.Low
BW,High,21539,central,19,350.3285999759091,BW.High
BW,High,21539,central,20,318.01719998475164,BW.High
RG,High,21539,central,21,283.4878000430758,RG.High
BW,Low,21539,central,22,284.2296999879179,BW.Low
RG,High,21539,central,23,267.2084999503568,RG.High
RG,Low,21539,central,24,367.14889999711886,RG.Low
BW,Low,21539,central,26,199.89910000003874,BW.Low
RG,Low,21539,central,27,283.9020999963413,RG.Low
BW,Low,21539,central,28,284.052499977407,BW.Low
RG,Low,21539,central,29,317.78649997431785,RG.Low
RG,High,21539,central,30,300.8609999669716,RG.High
BW,High,21539,central,31,351.0687000234607,BW.High
BW,High,21539,central,32,334.4227999914442,BW.High
BW,Low,21539,peripheral,1,251.30830000853211,BW.Low
BW,Low,21539,peripheral,2,267.078600008972,BW.Low
BW,High,21539,peripheral,3,267.57389999693214,BW.High
RG,High,21539,peripheral,4,334.7704000188969,RG.High
RG,High,21539,peripheral,5,418.03340002661616,RG.High
RG,Low,21539,peripheral,6,301.2831999803893,RG.Low
RG,Low,21539,peripheral,7,318.25830001616805,RG.Low
BW,High,21539,peripheral,8,316.5796999819577,BW.High
BW,Low,21539,peripheral,9,366.8281999998726,BW.Low
BW,Low,21539,peripheral,10,301.8692000187002,BW.Low
RG,High,21539,peripheral,11,368.43780003255233,RG.High
RG,Low,21539,peripheral,12,301.36330000823364,RG.Low
RG,Low,21539,peripheral,13,283.37349998764694,RG.Low
RG,High,21539,peripheral,14,383.3825999754481,RG.High
BW,High,21539,peripheral,15,350.97930004121827,BW.High
BW,High,21539,peripheral,16,351.11119999783114,BW.High
BW,High,21539,peripheral,17,318.2898000231944,BW.High
BW,Low,21539,peripheral,18,283.5971000022264,BW.Low
RG,Low,21539,peripheral,19,301.04420002317056,RG.Low
BW,High,21539,peripheral,20,317.21900001866743,BW.High
RG,High,21539,peripheral,21,349.7598000103608,RG.High
RG,High,21539,peripheral,22,350.4963999730535,RG.High
RG,Low,21539,peripheral,23,285.1234999834551,RG.Low
BW,Low,21539,peripheral,24,318.8363999943249,BW.Low
RG,Low,21539,peripheral,25,300.8726999978526,RG.Low
BW,Low,21539,peripheral,27,267.9733000113629,BW.Low
RG,Low,21539,peripheral,28,317.78580002719536,RG.Low
BW,High,21539,peripheral,29,267.8525000228551,BW.High
RG,High,21539,peripheral,30,368.096099991817,RG.High
BW,High,21539,peripheral,31,302.4808000191115,BW.High
BW,Low,21539,peripheral,32,368.0303000146523,BW.Low
BW,Low,21540,central,1,299.49649999616713,BW.Low
BW,High,21540,central,2,250.85940002463713,BW.High
RG,High,21540,central,3,366.9666000059806,RG.High
RG,High,21540,central,4,417.27520001586527,RG.High
BW,Low,21540,central,5,317.1987000387162,BW.Low
RG,Low,21540,central,6,283.4163000225085,RG.Low
RG,Low,21540,central,7,299.91569998674095,RG.Low
BW,High,21540,central,8,383.653900003992,BW.High
BW,High,21540,central,9,249.94710000464693,BW.High
RG,Low,21540,central,10,250.12969999806955,RG.Low
RG,Low,21540,central,11,317.67760001821443,RG.Low
BW,High,21540,central,12,267.4714000313545,BW.High
RG,High,21540,central,13,401.5905999694951,RG.High
RG,High,21540,central,14,432.8246000222862,RG.High
BW,Low,21540,central,15,366.5045999805443,BW.Low
BW,Low,21540,central,16,334.10950005054474,BW.Low
BW,High,21540,central,17,285.45839997241274,BW.High
RG,High,21540,central,18,317.0105000026533,RG.High
RG,High,21540,central,19,334.40289995632975,RG.High
BW,Low,21540,central,20,267.5075000151992,BW.Low
RG,Low,21540,central,22,285.1223000325265,RG.Low
RG,Low,21540,central,23,299.9428000184712,RG.Low
BW,Low,21540,central,24,250.51769998390228,BW.Low
RG,Low,21540,central,25,333.9282999513671,RG.Low
BW,Low,21540,central,26,300.36039999686136,BW.Low
RG,Low,21540,central,27,333.6143000051379,RG.Low
RG,High,21540,central,28,317.4647000269033,RG.High
BW,High,21540,central,29,234.7769999760203,BW.High
BW,Low,21540,central,32,234.43999997107312,BW.Low
BW,Low,21540,peripheral,1,250.78340002801357,BW.Low
RG,High,21540,peripheral,2,350.63180001452565,RG.High
BW,High,21540,peripheral,3,366.95080000208645,BW.High
RG,High,21540,peripheral,4,400.64449998317286,RG.High
RG,Low,21540,peripheral,5,333.1453999853693,RG.Low
BW,Low,21540,peripheral,6,268.0632999981758,BW.Low
RG,Low,21540,peripheral,7,333.9432000066156,RG.Low
BW,High,21540,peripheral,8,300.59269996127114,BW.High
RG,High,21540,peripheral,9,400.8318999549374,RG.High
RG,Low,21540,peripheral,10,300.4110000329092,RG.Low
BW,High,21540,peripheral,11,383.89359996654093,BW.High
RG,High,21540,peripheral,12,400.22579999640584,RG.High
BW,Low,21540,peripheral,13,300.7021999801509,BW.Low
BW,Low,21540,peripheral,14,284.06239999458194,BW.Low
BW,High,21540,peripheral,15,350.5303000565616,BW.High
RG,Low,21540,peripheral,16,367.5404000096023,RG.Low
RG,High,21540,peripheral,17,483.81479998352006,RG.High
RG,Low,21540,peripheral,18,399.9541000230238,RG.Low
RG,High,21540,peripheral,19,416.7578999768011,RG.High
RG,Low,21540,peripheral,20,333.5384000092745,RG.Low
BW,High,21540,peripheral,22,484.19280000962317,BW.High
BW,Low,21540,peripheral,23,266.7582000140101,BW.Low
BW,Low,21540,peripheral,24,250.03420002758503,BW.Low
BW,High,21540,peripheral,25,300.4607000038959,BW.High
RG,Low,21540,peripheral,26,334.06629995442927,RG.Low
BW,Low,21540,peripheral,27,285.0620999815874,BW.Low
BW,Low,21540,peripheral,28,350.7257000310344,BW.Low
RG,Low,21540,peripheral,29,350.2555000013672,RG.Low
RG,High,21540,peripheral,30,384.30470001185313,RG.High
BW,High,21540,peripheral,31,316.70400005532383,BW.High
RG,High,21540,peripheral,32,433.32979996921586,RG.High
BW,High,21540,peripheral,1,366.8259000405669,BW.High
RG,Low,21540,peripheral,2,333.7254000362004,RG.Low
RG,High,21540,peripheral,3,384.1766999685208,RG.High
BW,Low,21540,peripheral,4,234.13459997391283,BW.Low
BW,High,21540,peripheral,5,383.24100000318094,BW.High
RG,Low,21540,peripheral,6,317.3036000225693,RG.Low
BW,Low,21540,peripheral,7,317.3633000114942,BW.Low
RG,High,21540,peripheral,8,366.6590999928303,RG.High
RG,Low,21540,peripheral,9,333.7943000369705,RG.Low
RG,High,21540,peripheral,10,468.10630004620157,RG.High
RG,High,21540,peripheral,11,467.5207000109367,RG.High
BW,Low,21540,peripheral,12,283.61270000459626,BW.Low
RG,Low,21540,peripheral,13,334.1315999859944,RG.Low
BW,High,21540,peripheral,15,333.5615999531001,BW.High
BW,Low,21540,peripheral,16,266.82949997484684,BW.Low
RG,High,21540,peripheral,17,451.04749995516613,RG.High
RG,Low,21540,peripheral,18,384.2532999697139,RG.Low
BW,High,21540,peripheral,19,434.3764000223018,BW.High
RG,Low,21540,peripheral,20,334.5291000441648,RG.Low
RG,High,21540,peripheral,21,366.51809996692464,RG.High
BW,Low,21540,peripheral,22,266.964599955827,BW.Low
BW,High,21540,peripheral,23,334.4043999677524,BW.High
BW,Low,21540,peripheral,24,300.4110000329083,BW.Low
BW,Low,21540,peripheral,25,266.8610000400804,BW.Low
RG,High,21540,peripheral,26,349.8533000238235,RG.High
RG,Low,21540,peripheral,27,300.55519996676503,RG.Low
BW,High,21540,peripheral,28,283.9518999680881,BW.High
RG,High,21540,peripheral,29,484.0864999569021,RG.High
BW,Low,21540,peripheral,30,300.3090999554838,BW.Low
RG,Low,21540,peripheral,31,350.33330001169816,RG.Low
BW,High,21540,peripheral,32,366.91790004260747,BW.High
RG,Low,21540,central,1,350.14769999543205,RG.Low
RG,Low,21540,central,3,250.83159998757765,RG.Low
BW,High,21540,central,4,334.7703999606888,BW.High
RG,High,21540,central,5,416.578700009268,RG.High
BW,Low,21540,central,6,300.7833000156095,BW.Low
RG,High,21540,central,7,351.0874999919897,RG.High
BW,Low,21540,central,8,350.0311000389047,BW.Low
RG,High,21540,central,9,367.2626999905333,RG.High
BW,Low,21540,central,10,267.97099999384955,BW.Low
RG,High,21540,central,11,367.1073000296019,RG.High
BW,Low,21540,central,12,267.15020003030077,BW.Low
BW,High,21540,central,13,350.18379997927696,BW.High
BW,High,21540,central,14,300.62259995611385,BW.High
RG,Low,21540,central,15,350.4001999972388,RG.Low
RG,Low,21540,central,16,350.60050000902265,RG.Low
BW,Low,21540,central,17,233.7802000110969,BW.Low
RG,Low,21540,central,18,350.39820004021726,RG.Low
RG,High,21540,central,19,351.80229996331036,RG.High
BW,High,21540,central,20,317.64410005416676,BW.High
BW,Low,21540,central,21,233.80569997243538,BW.Low
RG,Low,21540,central,22,300.4501999821514,RG.Low
RG,High,21540,central,23,367.7697000093758,RG.High
BW,High,21540,central,24,350.5232000024989,BW.High
RG,High,21540,central,25,350.0348000088709,RG.High
RG,Low,21540,central,26,334.0663000126365,RG.Low
BW,High,21540,central,27,300.36330001894385,BW.High
BW,Low,21540,central,28,216.50799998315028,BW.Low
BW,Low,21540,central,29,250.91620004968718,BW.Low
BW,High,21540,central,30,300.79690000275104,BW.High
RG,Low,21540,central,31,301.1215000296945,RG.Low
RG,High,21540,central,32,350.9401999763213,RG.High
RG,High,21541,peripheral,1,417.28349996265047,RG.High
RG,Low,21541,peripheral,2,316.8843999737878,RG.Low
BW,High,21541,peripheral,3,400.3626999910921,BW.High
RG,Low,21541,peripheral,4,384.3715999973938,RG.Low
RG,High,21541,peripheral,5,417.4508999567479,RG.High
BW,Low,21541,peripheral,6,350.51269992254674,BW.Low
BW,High,21541,peripheral,7,450.68800006993206,BW.High
BW,Low,21541,peripheral,8,250.4521000664679,BW.Low
BW,Low,21541,peripheral,9,300.35459995269775,BW.Low
RG,High,21541,peripheral,10,317.56130000576377,RG.High
BW,Low,21541,peripheral,11,317.4297999357809,BW.Low
RG,Low,21541,peripheral,12,266.99029991868883,RG.Low
RG,Low,21541,peripheral,13,334.2422000132501,RG.Low
RG,High,21541,peripheral,14,417.2253001015638,RG.High
BW,High,21541,peripheral,15,334.7627999028191,BW.High
BW,High,21541,peripheral,16,300.6823000032455,BW.High
BW,High,21541,peripheral,17,300.4858999047419,BW.High
BW,High,21541,peripheral,18,334.1530000325288,BW.High
RG,Low,21541,peripheral,19,283.25749991927296,RG.Low
BW,Low,21541,peripheral,20,316.78519991692156,BW.Low
RG,Low,21541,peripheral,22,317.6713000284508,RG.Low
RG,High,21541,peripheral,23,400.7247000699854,RG.High
BW,Low,21541,peripheral,24,317.39520002156496,BW.Low
RG,Low,21541,peripheral,25,500.66460005473255,RG.Low
RG,High,21541,peripheral,26,351.43230005632995,RG.High
RG,High,21541,peripheral,27,351.23739996924996,RG.High
BW,Low,21541,peripheral,28,284.85950001049787,BW.Low
RG,Low,21541,peripheral,29,284.3033999670297,RG.Low
BW,Low,21541,peripheral,30,450.66590001806617,BW.Low
BW,High,21541,peripheral,31,333.73229997232556,BW.High
BW,High,21541,peripheral,32,384.461099980399,BW.High
RG,High,21541,central,1,483.4177000448108,RG.High
BW,High,21541,central,2,333.3154999418184,BW.High
RG,Low,21541,central,3,334.3990000430492,RG.Low
BW,Low,21541,central,4,283.4596999455239,BW.Low
RG,High,21541,central,5,400.2635000506407,RG.High
BW,High,21541,central,6,300.9448000229895,BW.High
BW,Low,21541,central,7,250.86439994629472,BW.Low
RG,Low,21541,central,8,300.6429999368265,RG.Low
RG,Low,21541,central,9,300.4274000413716,RG.Low
RG,High,21541,central,10,366.9759000185877,RG.High
BW,Low,21541,central,11,351.0752000147477,BW.Low
RG,Low,21541,central,12,267.31009990908206,RG.Low
RG,High,21541,central,15,351.57849988900125,RG.High
BW,High,21541,central,16,284.2060999246314,BW.High
RG,Low,21541,central,17,300.8082000305876,RG.Low
RG,High,21541,central,18,417.6767999306321,RG.High
BW,Low,21541,central,19,250.84530003368832,BW.Low
BW,High,21541,central,21,284.12829991430044,BW.High
RG,Low,21541,central,22,333.9052000083029,RG.Low
BW,Low,21541,central,23,250.1455000601709,BW.Low
BW,High,21541,central,24,384.43779991939664,BW.High
BW,Low,21541,central,25,250.66949997562915,BW.Low
RG,Low,21541,central,26,333.48349994048476,RG.Low
RG,High,21541,central,27,400.93030000571207,RG.High
BW,High,21541,central,28,301.4136999845505,BW.High
BW,High,21541,central,29,433.8966000359503,BW.High
BW,Low,21541,central,30,233.82800002582348,BW.Low
RG,Low,21541,central,31,366.6602000594139,RG.Low
RG,High,21541,central,32,350.4490999039258,RG.High
BW,Low,21541,central,3,317.5156000070265,BW.Low
RG,Low,21541,central,4,367.25189990829676,RG.Low
RG,High,21541,central,5,351.31479997653514,RG.High
BW,High,21541,central,6,283.67050003726035,BW.High
RG,Low,21541,central,7,367.1653000637889,RG.Low
BW,Low,21541,central,8,283.2225000020121,BW.Low
BW,High,21541,central,9,383.6750000482425,BW.High
RG,High,21541,central,10,400.22619999945164,RG.High
BW,High,21541,central,11,301.5625000698492,BW.High
RG,High,21541,central,12,350.54330003913446,RG.High
BW,Low,21541,central,13,267.7331001032144,BW.Low
RG,Low,21541,central,14,334.24170000944287,RG.Low
RG,Low,21541,central,15,351.17290006019175,RG.Low
BW,Low,21541,central,16,251.15769996773452,BW.Low
RG,High,21541,central,17,451.221999945119,RG.High
BW,Low,21541,central,18,301.7911999486389,BW.Low
BW,High,21541,central,19,300.413400051184,BW.High
BW,High,21541,central,20,301.17839993909,BW.High
RG,Low,21541,central,21,317.6453000633046,RG.Low
BW,Low,21541,central,22,333.4742999868472,BW.Low
RG,High,21541,central,23,367.5647999625653,RG.High
RG,Low,21541,central,24,300.4320999607444,RG.Low
BW,Low,21541,central,27,283.72659999877214,BW.Low
BW,Low,21541,central,28,250.73710002470762,BW.Low
RG,High,21541,central,29,300.4042999818921,RG.High
RG,Low,21541,central,30,350.75340000912547,RG.Low
RG,Low,21541,central,31,301.07459996361285,RG.Low
BW,High,21541,central,32,300.49030005466193,BW.High
RG,Low,21541,peripheral,1,350.46210000291467,RG.Low
BW,High,21541,peripheral,2,317.7424999885261,BW.High
BW,High,21541,peripheral,3,284.02749996166676,BW.High
RG,Low,21541,peripheral,4,351.591799990274,RG.Low
RG,High,21541,peripheral,5,350.6252999650317,RG.High
BW,Low,21541,peripheral,6,351.07210010755807,BW.Low
BW,Low,21541,peripheral,7,367.88689997047095,BW.Low
RG,High,21541,peripheral,8,398.5672000562763,RG.High
BW,Low,21541,peripheral,9,400.4785999422893,BW.Low
RG,Low,21541,peripheral,10,333.06470001116395,RG.Low
BW,Low,21541,peripheral,11,333.60239991452454,BW.Low
BW,High,21541,peripheral,12,317.19440000597297,BW.High
RG,Low,21541,peripheral,13,333.5405000252649,RG.Low
RG,High,21541,peripheral,14,283.84709998499693,RG.High
RG,High,21541,peripheral,15,317.9558999836445,RG.High
BW,High,21541,peripheral,16,334.64739995542914,BW.High
RG,Low,21541,peripheral,17,350.9814999997616,RG.Low
RG,Low,21541,peripheral,18,268.0036999518052,RG.Low
BW,Low,21541,peripheral,20,299.86530006863086,BW.Low
BW,High,21541,peripheral,21,335.08349990006514,BW.High
BW,Low,21541,peripheral,22,267.7385000279173,BW.Low
BW,High,21541,peripheral,24,316.9016999891028,BW.High
RG,High,21541,peripheral,25,350.9551000315696,RG.High
RG,Low,21541,peripheral,26,351.14019992761314,RG.Low
RG,Low,21541,peripheral,27,301.1075999820605,RG.Low
BW,Low,21541,peripheral,28,266.9097000034526,BW.Low
BW,Low,21541,peripheral,29,267.7258000476286,BW.Low
BW,High,21541,peripheral,30,317.15309992432594,BW.High
BW,High,21541,peripheral,31,317.5331000238657,BW.High
RG,High,21541,peripheral,32,350.281500024721,RG.High
BW,Low,21542,central,1,283.81150000495836,BW.Low
BW,High,21542,central,2,350.0404999940656,BW.High
BW,Low,21542,central,3,317.3249999963448,BW.Low
RG,Low,21542,central,4,416.72369999287093,RG.Low
BW,High,21542,central,5,283.962600005907,BW.High
RG,High,21542,central,6,334.08280000730883,RG.High
RG,High,21542,central,7,383.58270000026096,RG.High
RG,Low,21542,central,8,267.13849999941885,RG.Low
BW,High,21542,central,9,250.75399999332103,BW.High
RG,Low,21542,central,10,300.86889999802224,RG.Low
RG,High,21542,central,11,367.82539999694563,RG.High
BW,Low,21542,central,12,283.35310000693426,BW.Low
BW,High,21542,central,13,316.9364999921529,BW.High
BW,Low,21542,central,14,250.85669998952653,BW.Low
RG,Low,21542,central,15,266.7611000069883,RG.Low
RG,High,21542,central,16,350.4146000050239,RG.High
RG,High,21542,central,17,350.1399999950081,RG.High
RG,Low,21542,central,18,267.05239999864716,RG.Low
RG,High,21542,central,19,334.2160000029253,RG.High
RG,Low,21542,central,20,316.6029999993043,RG.Low
BW,Low,21542,central,21,250.5024999991292,BW.Low
BW,Low,21542,central,22,218.15210000204388,BW.Low
BW,High,21542,central,23,283.37229999306146,BW.High
BW,High,21542,central,24,350.4460999974981,BW.High
RG,Low,21542,central,25,284.73260000464506,RG.Low
BW,Low,21542,central,26,317.7352000057001,BW.Low
BW,High,21542,central,27,299.9979999876814,BW.High
RG,Low,21542,central,28,284.0562000055802,RG.Low
BW,Low,21542,central,30,250.93439999909606,BW.Low
RG,High,21542,central,31,383.57590000669006,RG.High
RG,High,21542,central,32,451.38220000080855,RG.High
RG,High,21542,peripheral,1,434.5071999996435,RG.High
RG,High,21542,peripheral,2,367.5815000024161,RG.High
BW,Low,21542,peripheral,3,300.17770000267774,BW.Low
BW,High,21542,peripheral,4,350.6157000083481,BW.High
RG,Low,21542,peripheral,5,317.7564999932656,RG.Low
BW,Low,21542,peripheral,6,267.32860000629444,BW.Low
RG,Low,21542,peripheral,7,267.6210999925388,RG.Low
BW,High,21542,peripheral,8,366.6414000035729,BW.High
BW,Low,21542,peripheral,9,283.6301000061212,BW.Low
BW,Low,21542,peripheral,11,283.89229999447707,BW.Low
BW,High,21542,peripheral,12,300.54029999882914,BW.High
RG,Low,21542,peripheral,13,334.5305999973789,RG.Low
RG,High,21542,peripheral,14,384.115799999563,RG.High
RG,Low,21542,peripheral,15,334.13250000739936,RG.Low
RG,High,21542,peripheral,16,334.0956999891205,RG.High
BW,High,21542,peripheral,17,283.92719999828796,BW.High
RG,High,21542,peripheral,18,450.3102000016952,RG.High
RG,Low,21542,peripheral,19,300.9853999974439,RG.Low
RG,High,21542,peripheral,20,401.191400000243,RG.High
BW,Low,21542,peripheral,21,283.63289999833796,BW.Low
BW,High,21542,peripheral,22,300.60440000670496,BW.High
BW,Low,21542,peripheral,23,317.4043000035458,BW.Low
RG,Low,21542,peripheral,24,350.70310000446625,RG.Low
RG,Low,21542,peripheral,25,300.9193000034429,RG.Low
BW,High,21542,peripheral,30,300.23709998931736,BW.High
BW,Low,21542,peripheral,31,283.88980000454467,BW.Low
RG,High,21542,peripheral,32,400.7957000139868,RG.High
RG,High,21542,peripheral,2,316.9160999968876,RG.High
BW,Low,21542,peripheral,3,349.95570000319185,BW.Low
RG,Low,21542,peripheral,4,350.21010000491515,RG.Low
BW,Low,21542,peripheral,5,417.2358000068923,BW.Low
BW,High,21542,peripheral,6,317.31319999380503,BW.High
RG,Low,21542,peripheral,7,333.2514000067024,RG.Low
BW,High,21542,peripheral,8,316.6523999971114,BW.High
BW,High,21542,peripheral,9,349.8622999904901,BW.High
RG,Low,21542,peripheral,10,267.20209998893597,RG.Low
RG,Low,21542,peripheral,11,366.91830000199843,RG.Low
RG,High,21542,peripheral,12,350.7403999974483,RG.High
RG,High,21542,peripheral,13,300.44180000550114,RG.High
BW,Low,21542,peripheral,14,266.83710000361316,BW.Low
BW,Low,21542,peripheral,15,250.67599999601953,BW.Low
BW,High,21542,peripheral,16,333.86860000609886,BW.High
RG,Low,21542,peripheral,17,233.73269999865443,RG.Low
RG,Low,21542,peripheral,18,233.38769999099895,RG.Low
BW,Low,21542,peripheral,20,266.90739998593926,BW.Low
BW,High,21542,peripheral,21,266.700199994375,BW.High
BW,Low,21542,peripheral,22,300.22140000073705,BW.Low
BW,High,21542,peripheral,23,366.6501999978209,BW.High
RG,High,21542,peripheral,24,300.2706999977813,RG.High
BW,Low,21542,peripheral,25,233.78030001185834,BW.Low
BW,High,21542,peripheral,26,367.20880000211764,BW.High
RG,High,21542,peripheral,27,400.6423000100767,RG.High
BW,Low,21542,peripheral,28,233.875399993849,BW.Low
RG,High,21542,peripheral,29,350.2429999934966,RG.High
RG,Low,21542,peripheral,30,300.4683000035584,RG.Low
BW,High,21542,peripheral,31,316.88759999815375,BW.High
RG,Low,21542,peripheral,32,317.2149000019999,RG.Low
RG,Low,21542,central,1,300.1217999990331,RG.Low
BW,High,21542,central,2,401.0585999931209,BW.High
BW,Low,21542,central,3,267.05280000169296,BW.Low
RG,High,21542,central,4,383.90179999987595,RG.High
RG,Low,21542,central,5,333.2585000025574,RG.Low
BW,High,21542,central,6,336.2420000048587,BW.High
RG,High,21542,central,7,334.7741000034148,RG.High
BW,Low,21542,central,8,234.5353999990034,BW.Low
RG,Low,21542,central,9,316.96010001178365,RG.Low
RG,High,21542,central,10,282.662600002368,RG.High
BW,High,21542,central,11,350.69649999786634,BW.High
BW,High,21542,central,12,334.53670000017155,BW.High
BW,Low,21542,central,13,234.30789999838453,BW.Low
RG,High,21542,central,14,284.2239999881713,RG.High
RG,Low,21542,central,15,333.07280000008177,RG.Low
BW,Low,21542,central,16,199.53249998798128,BW.Low
BW,High,21542,central,17,301.5047999942908,BW.High
RG,Low,21542,central,18,284.39359999902035,RG.Low
BW,Low,21542,central,19,250.96140000096057,BW.Low
RG,High,21542,central,20,284.1680999990783,RG.High
RG,Low,21542,central,21,284.52970000216783,RG.Low
BW,Low,21542,central,22,251.5611999988323,BW.Low
RG,High,21542,central,23,367.7007000078447,RG.High
BW,High,21542,central,24,316.55409999075346,BW.High
RG,Low,21542,central,25,318.4960999933537,RG.Low
RG,High,21542,central,26,400.6087000016123,RG.High
BW,High,21542,central,27,285.1248999941163,BW.High
BW,Low,21542,central,28,267.32450000417884,BW.Low
BW,High,21542,central,29,317.0716999884462,BW.High
BW,Low,21542,central,30,267.523299989989,BW.Low
RG,High,21542,central,31,350.1248999964446,RG.High
RG,Low,21542,central,32,251.9271999917687,RG.Low
RG,Low,21543,central,1,317.4281000101482,RG.Low
RG,Low,21543,central,2,367.31659999350086,RG.Low
BW,Low,21543,central,3,299.67780000879384,BW.Low
RG,High,21543,central,4,400.8345000038389,RG.High
RG,High,21543,central,5,434.85400002100505,RG.High
BW,High,21543,central,6,284.4466000096868,BW.High
BW,Low,21543,central,7,283.61439998843707,BW.Low
BW,High,21543,central,8,350.1787999994119,BW.High
BW,Low,21543,central,10,301.0852999868803,BW.Low
RG,Low,21543,central,11,334.280699986266,RG.Low
BW,Low,21543,central,12,350.1612000109162,BW.Low
RG,High,21543,central,13,317.89190002018586,RG.High
RG,Low,21543,central,14,317.08589999470814,RG.Low
BW,High,21543,central,15,367.7836999995634,BW.High
RG,High,21543,central,16,367.476399987936,RG.High
BW,Low,21543,central,17,334.44549998966977,BW.Low
BW,Low,21543,central,18,300.5573000118611,BW.Low
RG,Low,21543,central,19,350.93100002268375,RG.Low
RG,High,21543,central,21,350.3330000094129,RG.High
RG,High,21543,central,22,350.7294000010006,RG.High
BW,High,21543,central,23,350.8631000004243,BW.High
RG,Low,21543,central,24,351.3108000042844,RG.Low
BW,Low,21543,central,25,350.8189999847664,BW.Low
RG,Low,21543,central,26,483.75379998469725,RG.Low
RG,Low,21543,central,27,417.52479999559,RG.Low
BW,High,21543,central,28,350.8602000074461,BW.High
RG,High,21543,central,29,334.12380001391193,RG.High
RG,High,21543,central,30,433.77980001969263,RG.High
BW,Low,21543,central,31,300.3607999999076,BW.Low
BW,High,21543,central,32,434.0580999851229,BW.High
RG,High,21543,peripheral,1,401.0252000007313,RG.High
RG,Low,21543,peripheral,2,383.8665999937798,RG.Low
BW,Low,21543,peripheral,3,267.10040000034405,BW.Low
RG,Low,21543,peripheral,4,367.3406000016255,RG.Low
BW,High,21543,peripheral,5,317.557600006694,BW.High
BW,Low,21543,peripheral,6,268.15970000461675,BW.Low
BW,High,21543,peripheral,7,350.8023000031244,BW.High
RG,High,21543,peripheral,8,350.87180000846274,RG.High
RG,Low,21543,peripheral,9,384.3508999852925,RG.Low
RG,High,21543,peripheral,10,466.3292999903208,RG.High
RG,Low,21543,peripheral,11,317.5446999957794,RG.Low
BW,High,21543,peripheral,12,400.350999989314,BW.High
BW,Low,21543,peripheral,13,450.1605000114064,BW.Low
RG,High,21543,peripheral,14,367.49479998252355,RG.High
BW,High,21543,peripheral,15,401.0842999850863,BW.High
BW,Low,21543,peripheral,16,267.5263000128325,BW.Low
RG,Low,21543,peripheral,18,334.3036000151192,RG.Low
BW,Low,21543,peripheral,19,267.468000005465,BW.Low
RG,High,21543,peripheral,20,417.3981000203639,RG.High
BW,Low,21543,peripheral,21,284.1416000155732,BW.Low
BW,High,21543,peripheral,24,351.17099998751655,BW.High
BW,Low,21543,peripheral,26,267.28659999207594,BW.Low
RG,Low,21543,peripheral,27,334.72459999029525,RG.Low
BW,High,21543,peripheral,28,350.79810000024736,BW.High
RG,Low,21543,peripheral,29,317.1278999943752,RG.Low
BW,High,21543,peripheral,30,350.7552999944887,BW.High
RG,High,21543,peripheral,31,333.9609999966342,RG.High
BW,Low,21543,peripheral,32,301.0552999912761,BW.Low
RG,Low,21543,peripheral,1,418.10069998609833,RG.Low
RG,High,21543,peripheral,2,334.302600007504,RG.High
BW,Low,21543,peripheral,3,333.66159998695366,BW.Low
BW,Low,21543,peripheral,4,283.50140000111423,BW.Low
RG,Low,21543,peripheral,5,367.4285000015516,RG.Low
BW,High,21543,peripheral,6,417.87370000383817,BW.High
BW,High,21543,peripheral,7,383.55880000744946,BW.High
RG,High,21543,peripheral,8,434.029099997133,RG.High
RG,Low,21543,peripheral,9,351.1232999735512,RG.Low
RG,High,21543,peripheral,10,400.73480000137175,RG.High
BW,High,21543,peripheral,11,467.73759997449724,BW.High
BW,Low,21543,peripheral,12,284.12210001261064,BW.Low
RG,Low,21543,peripheral,13,333.8843999954406,RG.Low
BW,High,21543,peripheral,14,401.0632999998061,BW.High
BW,Low,21543,peripheral,15,317.4975000147242,BW.Low
RG,High,21543,peripheral,16,367.73270001867695,RG.High
RG,Low,21543,peripheral,17,318.1548999855295,RG.Low
BW,Low,21543,peripheral,18,250.8680999744679,BW.Low
BW,High,21543,peripheral,19,350.0888000125999,BW.High
RG,Low,21543,peripheral,20,384.53919999301434,RG.Low
RG,High,21543,peripheral,21,400.4647000110708,RG.High
BW,High,21543,peripheral,23,451.07380000990815,BW.High
BW,Low,21543,peripheral,24,299.95339998276995,BW.Low
RG,Low,21543,peripheral,26,318.30579999950714,RG.Low
BW,High,21543,peripheral,27,384.3056000187064,BW.High
BW,Low,21543,peripheral,28,317.461699974956,BW.Low
RG,Low,21543,peripheral,29,333.57750001596287,RG.Low
BW,Low,21543,peripheral,30,367.3039999848695,BW.Low
RG,High,21543,peripheral,31,484.06919999979345,RG.High
BW,High,21543,peripheral,32,367.9319999937434,BW.High
RG,High,21543,central,1,433.35370000568173,RG.High
BW,Low,21543,central,2,400.4274000180883,BW.Low
RG,Low,21543,central,3,334.38859999296255,RG.Low
RG,Low,21543,central,4,350.6944999971902,RG.Low
RG,High,21543,central,5,434.40240001655206,RG.High
BW,Low,21543,central,7,318.0663000093764,BW.Low
BW,High,21543,central,8,400.3973999933803,BW.High
RG,Low,21543,central,9,334.7245000186376,RG.Low
RG,High,21543,central,10,367.45499999960884,RG.High
BW,Low,21543,central,11,317.44280000566505,BW.Low
BW,Low,21543,central,12,284.3037999991793,BW.Low
BW,High,21543,central,13,350.9665000019586,BW.High
BW,High,21543,central,14,367.0147999946489,BW.High
RG,Low,21543,central,15,333.9669999841133,RG.Low
RG,High,21543,central,16,450.9869999892553,RG.High
BW,Low,21543,central,17,284.18660000897944,BW.Low
RG,High,21543,central,18,400.3796999750193,RG.High
BW,Low,21543,central,19,284.4152000034228,BW.Low
RG,Low,21543,central,20,351.0181999881752,RG.Low
BW,High,21543,central,21,400.9795999736525,BW.High
BW,High,21543,central,22,350.1367999997451,BW.High
RG,High,21543,central,23,400.3441000240855,RG.High
RG,Low,21543,central,24,417.5800000084564,RG.Low
RG,Low,21543,central,25,434.21639999723993,RG.Low
RG,High,21543,central,26,450.87999998941086,RG.High
BW,High,21543,central,27,317.3111999931275,BW.High
BW,Low,21543,central,28,367.6896000106358,BW.Low
BW,High,21543,central,29,300.7398000045214,BW.High
BW,Low,21543,central,31,317.6687000086531,BW.Low
RG,Low,21543,central,32,350.36299997591414,RG.Low
RG,Low,21544,peripheral,2,267.25010000518523,RG.Low
BW,High,21544,peripheral,3,350.90900000068405,BW.High
RG,High,21544,peripheral,4,251.47720001405105,RG.High
BW,Low,21544,peripheral,5,217.9224999854339,BW.Low
BW,High,21544,peripheral,6,368.03479999070987,BW.High
BW,Low,21544,peripheral,7,283.2746999920346,BW.Low
RG,Low,21544,peripheral,8,283.620099973632,RG.Low
RG,Low,21544,peripheral,9,284.87329999916255,RG.Low
BW,High,21544,peripheral,10,317.06040000426583,BW.High
BW,Low,21544,peripheral,11,267.97080002143224,BW.Low
RG,Low,21544,peripheral,12,300.29120002291256,RG.Low
RG,High,21544,peripheral,13,367.8622000152243,RG.High
BW,High,21544,peripheral,14,417.34239997458644,BW.High
BW,Low,21544,peripheral,15,284.2425999988336,BW.Low
RG,High,21544,peripheral,16,317.8133999754209,RG.High
RG,High,21544,peripheral,17,283.4357999963686,RG.High
RG,Low,21544,peripheral,19,317.8651000198438,RG.Low
BW,High,21544,peripheral,20,317.1462999889627,BW.High
RG,Low,21544,peripheral,21,351.0842999967281,RG.Low
BW,Low,21544,peripheral,22,234.5084999979008,BW.Low
BW,Low,21544,peripheral,23,249.96060002013198,BW.Low
RG,High,21544,peripheral,24,434.9054000049359,RG.High
RG,High,21544,peripheral,25,367.2470999881625,RG.High
BW,High,21544,peripheral,26,350.71919998154044,BW.High
RG,Low,21544,peripheral,27,284.0211000002455,RG.Low
BW,Low,21544,peripheral,28,283.934400009457,BW.Low
BW,High,21544,peripheral,29,317.6623999897856,BW.High
BW,Low,21544,peripheral,30,266.48390002083033,BW.Low
RG,High,21544,peripheral,31,317.47430001269095,RG.High
RG,Low,21544,peripheral,32,333.783800015226,RG.Low
RG,Low,21544,central,1,317.4736000073608,RG.Low
RG,High,21544,central,2,383.4385999944061,RG.High
BW,Low,21544,central,3,267.5582999945609,BW.Low
BW,High,21544,central,5,367.57470000884496,BW.High
BW,High,21544,central,6,318.00729999668056,BW.High
BW,Low,21544,central,7,267.584999994142,BW.Low
RG,Low,21544,central,8,301.9907999841962,RG.Low
RG,High,21544,central,9,283.8384000060605,RG.High
BW,Low,21544,central,10,249.8974000045564,BW.Low
BW,High,21544,central,11,284.5477999944701,BW.High
RG,Low,21544,central,12,299.9393999925817,RG.Low
BW,Low,21544,central,13,267.73409999441355,BW.Low
RG,High,21544,central,14,282.7660999901127,RG.High
RG,Low,21544,central,15,350.51119999843473,RG.Low
BW,High,21544,central,16,350.6459999771323,BW.High
BW,Low,21544,central,17,251.81820002035238,BW.Low
RG,High,21544,central,19,350.7087999896612,RG.High
BW,Low,21544,central,20,283.46350000356324,BW.Low
RG,High,21544,central,21,385.0975999957882,RG.High
RG,Low,21544,central,22,334.35499999904914,RG.Low
BW,High,21544,central,23,316.99420002405554,BW.High
RG,Low,21544,central,24,317.28670001030014,RG.Low
BW,Low,21544,central,25,233.17239998141216,BW.Low
RG,High,21544,central,26,283.7850000069011,RG.High
RG,Low,21544,central,27,284.6915000118315,RG.Low
RG,Low,21544,central,28,283.6119999992661,RG.Low
BW,High,21544,central,29,300.19860001630104,BW.High
BW,High,21544,central,30,317.45929998578504,BW.High
RG,High,21544,central,31,400.2747000195086,RG.High
BW,Low,21544,central,32,267.99459999892815,BW.Low
RG,Low,21544,central,1,317.44249997427687,RG.Low
BW,Low,21544,central,2,218.32099999301136,BW.Low
RG,Low,21544,central,3,284.12050000042655,RG.Low
RG,High,21544,central,4,334.15390001027845,RG.High
RG,High,21544,central,6,300.82390000461555,RG.High
BW,High,21544,central,7,367.45279998285605,BW.High
BW,Low,21544,central,8,250.94209998496896,BW.Low
BW,High,21544,central,9,250.54730000556447,BW.High
BW,Low,21544,central,12,250.8936999947764,BW.Low
BW,High,21544,central,13,316.83259998681046,BW.High
RG,High,21544,central,14,283.58280000975356,RG.High
BW,Low,21544,central,15,267.75260001886636,BW.Low
RG,Low,21544,central,16,282.9986999859102,RG.Low
RG,Low,21544,central,17,300.78259998117574,RG.Low
BW,Low,21544,central,18,251.25979998847424,BW.Low
RG,High,21544,central,19,317.2441000060644,RG.High
RG,Low,21544,central,20,300.3774000098929,RG.Low
BW,High,21544,central,21,284.0082999900915,BW.High
RG,High,21544,central,22,316.7406000138726,RG.High
BW,High,21544,central,23,350.43099999893457,BW.High
BW,Low,21544,central,24,234.542699996382,BW.Low
RG,High,21544,central,25,301.09160000574775,RG.High
RG,Low,21544,central,26,284.27249999367586,RG.Low
RG,High,21544,central,27,267.3509000160261,RG.High
BW,Low,21544,central,28,284.3820999842137,BW.Low
RG,Low,21544,central,29,333.9080000005197,RG.Low
BW,Low,21544,central,30,266.4132999780122,BW.Low
BW,High,21544,central,31,300.7529999886174,BW.High
BW,High,21544,central,32,283.96969998721033,BW.High
BW,Low,21544,peripheral,1,267.42920000106096,BW.Low
RG,High,21544,peripheral,2,334.2199999897284,RG.High
RG,Low,21544,peripheral,3,284.04309999314137,RG.Low
BW,Low,21544,peripheral,4,300.7651999942027,BW.Low
RG,Low,21544,peripheral,6,301.2581999937547,RG.Low
BW,High,21544,peripheral,7,400.9908000007272,BW.High
BW,High,21544,peripheral,8,317.6728000107687,BW.High
RG,High,21544,peripheral,9,333.7987999839245,RG.High
BW,Low,21544,peripheral,10,284.33249998488463,BW.Low
BW,High,21544,peripheral,11,250.8908000017982,BW.High
RG,High,21544,peripheral,12,300.36210000980645,RG.High
BW,High,21544,peripheral,13,267.90489998529756,BW.High
BW,Low,21544,peripheral,14,267.2143999952823,BW.Low
RG,Low,21544,peripheral,15,317.394100013189,RG.Low
RG,Low,21544,peripheral,16,333.2436000055168,RG.Low
RG,Low,21544,peripheral,17,285.0635999930091,RG.Low
BW,High,21544,peripheral,18,283.5000000195578,BW.High
RG,High,21544,peripheral,19,334.23610002500936,RG.High
BW,Low,21544,peripheral,20,234.79049999150448,BW.Low
BW,Low,21544,peripheral,21,266.66779999504797,BW.Low
RG,Low,21544,peripheral,22,301.2680000101682,RG.Low
BW,High,21544,peripheral,23,234.6274000010451,BW.High
RG,High,21544,peripheral,24,266.7354000150226,RG.High
RG,Low,21544,peripheral,25,350.4117999982572,RG.Low
RG,High,21544,peripheral,26,351.3270000112243,RG.High
RG,High,21544,peripheral,27,367.77179999626196,RG.High
BW,High,21544,peripheral,28,283.9793000021018,BW.High
BW,High,21544,peripheral,29,367.7002000040377,BW.High
RG,Low,21544,peripheral,30,317.47290000203066,RG.Low
BW,Low,21544,peripheral,31,267.84159999806434,BW.Low
BW,Low,21544,peripheral,32,317.9948000179136,BW.Low
RG,High,21548,central,1,350.4494000226259,RG.High
BW,High,21548,central,2,366.58260005060583,BW.High
BW,High,21548,central,3,450.19530004356056,BW.High
RG,Low,21548,central,4,318.32760001998395,RG.Low
BW,Low,21548,central,5,334.3596999766314,BW.Low
BW,Low,21548,central,6,334.25890002399683,BW.Low
RG,High,21548,central,7,383.74790002126247,RG.High
RG,Low,21548,central,8,284.7971998853609,RG.Low
BW,High,21548,central,9,434.4532999675721,BW.High
BW,High,21548,central,10,435.5190000496809,BW.High
RG,Low,21548,central,11,300.2160999458283,RG.Low
RG,High,21548,central,12,400.3420000663018,RG.High
RG,Low,21548,central,13,333.76009995117784,RG.Low
BW,Low,21548,central,14,517.5495999865234,BW.Low
BW,Low,21548,central,15,433.7782000657171,BW.Low
RG,High,21548,central,16,400.92360007110983,RG.High
BW,High,21548,central,17,450.4997000331059,BW.High
RG,High,21548,central,18,400.4651999566704,RG.High
RG,Low,21548,central,19,284.6467000199482,RG.Low
BW,Low,21548,central,20,350.3256000112742,BW.Low
BW,High,21548,central,21,368.29529993701726,BW.High
BW,Low,21548,central,22,284.1464999364689,BW.Low
RG,High,21548,central,23,367.77750006876886,RG.High
RG,Low,21548,central,24,283.42759993392883,RG.Low
RG,Low,21548,central,25,284.2641999013722,RG.Low
BW,Low,21548,central,29,534.2300999909639,BW.Low
BW,High,21548,central,30,400.2181999385357,BW.High
BW,High,21548,peripheral,1,384.6093999454747,BW.High
RG,Low,21548,peripheral,2,400.5190999014303,RG.Low
BW,High,21548,peripheral,3,401.3057000702247,BW.High
RG,Low,21548,peripheral,4,351.3464001007378,RG.Low
RG,High,21548,peripheral,5,400.34329995978624,RG.High
RG,High,21548,peripheral,6,484.2581999255344,RG.High
BW,Low,21548,peripheral,7,451.49570005014493,BW.Low
BW,Low,21548,peripheral,8,333.9553999248892,BW.Low
RG,Low,21548,peripheral,9,334.1407999396315,RG.Low
BW,High,21548,peripheral,10,433.62019991036505,BW.High
RG,Low,21548,peripheral,11,316.93740002810955,RG.Low
RG,High,21548,peripheral,12,484.0672999853268,RG.High
BW,Low,21548,peripheral,13,417.1580999391158,BW.Low
BW,High,21548,peripheral,14,418.1475000223145,BW.High
BW,Low,21548,peripheral,15,384.0858000330627,BW.Low
RG,High,21548,peripheral,16,350.6527999415998,RG.High
RG,High,21548,peripheral,17,451.33059995714575,RG.High
BW,Low,21548,peripheral,19,434.13319997489543,BW.Low
RG,Low,21548,peripheral,20,383.7583999847991,RG.Low
BW,Low,21548,peripheral,21,450.50340006127954,BW.Low
RG,Low,21548,peripheral,22,350.2403999445969,RG.Low
RG,High,21548,peripheral,23,400.92949999962,RG.High
BW,High,21548,peripheral,24,550.6189999869091,BW.High
BW,Low,21548,peripheral,25,384.43980005104095,BW.Low
RG,Low,21548,peripheral,26,318.4935000026601,RG.Low
BW,High,21548,peripheral,27,400.8262000279501,BW.High
RG,High,21548,peripheral,28,433.655700064264,RG.High
BW,High,21548,peripheral,29,400.95400006976,BW.High
RG,High,21548,peripheral,31,367.6958999130875,RG.High
BW,Low,21548,peripheral,32,334.3956000171602,BW.Low
RG,High,21548,peripheral,1,467.251900001429,RG.High
BW,Low,21548,peripheral,3,367.325900006108,BW.Low
RG,Low,21548,peripheral,4,300.22159998770803,RG.Low
BW,Low,21548,peripheral,5,334.0619000373408,BW.Low
RG,High,21548,peripheral,6,467.031899956055,RG.High
RG,Low,21548,peripheral,7,284.5565000316128,RG.Low
BW,High,21548,peripheral,8,433.77050000708505,BW.High
BW,Low,21548,peripheral,9,300.43830000795424,BW.Low
BW,High,21548,peripheral,10,333.9724999386815,BW.High
RG,Low,21548,peripheral,11,317.76819995138794,RG.Low
RG,High,21548,peripheral,12,367.22560005728155,RG.High
BW,High,21548,peripheral,13,383.2706999965012,BW.High
RG,High,21548,peripheral,14,400.3167999908328,RG.High
BW,Low,21548,peripheral,15,351.4454000396654,BW.Low
RG,Low,21548,peripheral,16,483.37310005445033,RG.Low
RG,High,21548,peripheral,17,384.0118999360129,RG.High
RG,Low,21548,peripheral,18,350.4893999779588,RG.Low
BW,High,21548,peripheral,20,367.16689995955767,BW.High
BW,Low,21548,peripheral,21,284.0032000094652,BW.Low
RG,Low,21548,peripheral,23,417.441500001587,RG.Low
RG,High,21548,peripheral,24,300.0223999842999,RG.High
RG,Low,21548,peripheral,25,333.81560002453625,RG.Low
BW,Low,21548,peripheral,26,318.4470999985931,BW.Low
RG,High,21548,peripheral,27,501.3199000386521,RG.High
BW,Low,21548,peripheral,29,400.866799987853,BW.Low
RG,Low,21548,peripheral,30,300.06149993278086,RG.Low
BW,High,21548,peripheral,31,417.553799925372,BW.High
BW,High,21548,peripheral,32,500.70810003671795,BW.High
RG,Low,21548,central,1,317.47100001666695,RG.Low
RG,High,21548,central,2,401.1624000268057,RG.High
BW,High,21548,central,3,451.51959999930114,BW.High
RG,Low,21548,central,4,383.7119999807328,RG.Low
BW,Low,21548,central,5,383.5555000696329,BW.Low
BW,High,21548,central,9,401.4004000928253,BW.High
RG,Low,21548,central,10,283.8645000010729,RG.Low
BW,Low,21548,central,11,266.94500003941357,BW.Low
BW,High,21548,central,12,367.96879989560694,BW.High
RG,High,21548,central,13,317.0389999868348,RG.High
BW,Low,21548,central,14,300.86720001418144,BW.Low
RG,Low,21548,central,15,300.9254999924451,RG.Low
RG,High,21548,central,16,384.1124000027776,RG.High
BW,Low,21548,central,17,250.74609997682273,BW.Low
RG,High,21548,central,18,400.266999960877,RG.High
BW,High,21548,central,19,367.6415999652818,BW.High
BW,High,21548,central,20,400.1100000459701,BW.High
RG,Low,21548,central,21,334.34820000547916,RG.Low
RG,High,21548,central,22,367.3992999829352,RG.High
RG,Low,21548,central,23,400.2771000377825,RG.Low
BW,Low,21548,central,24,284.300799947232,BW.Low
RG,High,21548,central,25,367.69560002721846,RG.High
RG,High,21548,central,26,367.0975000131875,RG.High
RG,Low,21548,central,27,317.9562999866903,RG.Low
BW,Low,21548,central,28,266.85999997425824,BW.Low
BW,High,21548,central,29,333.90480000525713,BW.High
BW,Low,21548,central,30,266.70959999319166,BW.Low
RG,Low,21548,central,32,351.1178999906406,RG.Low
RG,Low,21551,peripheral,1,267.28460006415844,RG.Low
BW,Low,21551,peripheral,2,350.43849993962795,BW.Low
BW,Low,21551,peripheral,3,216.55110002029687,BW.Low
RG,High,21551,peripheral,4,350.93240009155124,RG.High
RG,Low,21551,peripheral,5,283.71870005503297,RG.Low
RG,High,21551,peripheral,6,217.07149990834296,RG.High
RG,Low,21551,peripheral,9,267.68629997968674,RG.Low
RG,High,21551,peripheral,10,334.5370000461121,RG.High
RG,Low,21551,peripheral,11,233.6641000583768,RG.Low
RG,High,21551,peripheral,12,283.2512999884784,RG.High
BW,High,21551,peripheral,13,400.45710001140833,BW.High
BW,High,21551,peripheral,14,367.05869995057583,BW.High
BW,Low,21551,peripheral,15,250.52840006537735,BW.Low
BW,Low,21551,peripheral,16,250.9481000015512,BW.Low
BW,High,21551,peripheral,17,317.5135999917984,BW.High
BW,Low,21551,peripheral,18,267.67470000777394,BW.Low
RG,Low,21551,peripheral,19,284.01730000041425,RG.Low
RG,Low,21551,peripheral,20,284.45299994200377,RG.Low
BW,High,21551,peripheral,21,267.36430008895695,BW.High
RG,High,21551,peripheral,22,300.9105999954045,RG.High
RG,High,21551,peripheral,23,334.3983000377193,RG.High
BW,Low,21551,peripheral,24,267.10880000609814,BW.Low
BW,Low,21551,peripheral,25,234.21210004016757,BW.Low
RG,High,21551,peripheral,26,216.5361000224948,RG.High
RG,Low,21551,peripheral,27,299.9668999109417,RG.Low
RG,Low,21551,peripheral,28,249.9015000648801,RG.Low
BW,Low,21551,peripheral,29,399.97610007412754,BW.Low
BW,High,21551,peripheral,30,200.25160000659525,BW.High
BW,Low,21551,central,1,250.99729991052388,BW.Low
BW,Low,21551,central,2,200.6942000007257,BW.Low
RG,Low,21551,central,3,284.00370001327246,RG.Low
RG,Low,21551,central,4,366.8559000361711,RG.Low
RG,High,21551,central,5,268.427399918437,RG.High
BW,High,21551,central,6,333.45519995782524,BW.High
RG,High,21551,central,7,267.62610010337085,RG.High
BW,High,21551,central,8,284.5225000055507,BW.High
RG,High,21551,central,9,417.8478999529034,RG.High
RG,High,21551,central,10,284.976499970071,RG.High
BW,High,21551,central,11,267.416000016965,BW.High
BW,High,21551,central,12,317.31750001199543,BW.High
BW,Low,21551,central,15,233.94720000214787,BW.Low
RG,Low,21551,central,16,351.19870002381504,RG.Low
BW,High,21551,central,17,335.2232000324875,BW.High
RG,Low,21551,central,18,267.36470009200184,RG.Low
RG,Low,21551,central,19,317.0873000053689,RG.Low
RG,High,21551,central,20,284.1076999902725,RG.High
BW,Low,21551,central,21,251.17810000665486,BW.Low
RG,High,21551,central,22,366.4006000617528,RG.High
BW,Low,21551,central,23,216.40669996850193,BW.Low
BW,High,21551,central,24,300.9423000039533,BW.High
RG,Low,21551,central,25,234.51430001296103,RG.Low
BW,Low,21551,central,26,234.10779994446784,BW.Low
BW,Low,21551,central,27,251.13949994556606,BW.Low
BW,High,21551,central,28,301.1137000285089,BW.High
RG,Low,21551,central,31,268.04510003421456,RG.Low
RG,High,21551,central,32,300.50579993985593,RG.High
RG,High,21551,central,1,318.3392999926584,RG.High
BW,High,21551,central,2,333.5073000052944,BW.High
BW,High,21551,central,3,382.9919999698177,BW.High
RG,Low,21551,central,4,301.40460003167345,RG.Low
BW,Low,21551,central,5,233.56859991326883,BW.Low
RG,High,21551,central,6,334.4711000099769,RG.High
RG,Low,21551,central,7,267.9569999454543,RG.Low
BW,Low,21551,central,8,233.7600999744609,BW.Low
RG,High,21551,central,9,349.9920000322163,RG.High
BW,Low,21551,central,10,217.80790004413663,BW.Low
RG,High,21551,central,11,251.14129995927192,RG.High
BW,Low,21551,central,12,217.63169998303056,BW.Low
BW,High,21551,central,13,300.6742999423295,BW.High
BW,High,21551,central,14,383.63220007158793,BW.High
RG,Low,21551,central,15,250.90670003555715,RG.Low
RG,Low,21551,central,16,267.01409998349754,RG.Low
BW,Low,21551,central,17,267.336099990644,BW.Low
BW,Low,21551,central,18,284.5898000523448,BW.Low
RG,High,21551,central,19,267.6650999346748,RG.High
BW,High,21551,central,20,284.49680004268885,BW.High
RG,Low,21551,central,21,284.12700002081647,RG.Low
RG,High,21551,central,22,283.960499917157,RG.High
RG,Low,21551,central,23,283.3266999805346,RG.Low
BW,High,21551,central,24,333.9782000985001,BW.High
RG,High,21551,central,25,350.3168999450279,RG.High
RG,High,21551,central,26,218.38890004437417,RG.High
BW,High,21551,central,27,300.4329999675974,BW.High
BW,High,21551,central,28,317.3620000015944,BW.High
RG,Low,21551,central,30,234.52840000391006,RG.Low
BW,Low,21551,central,31,250.5869000451648,BW.Low
RG,Low,21551,central,32,233.69810008443892,RG.Low
RG,Low,21551,peripheral,1,301.1737999040631,RG.Low
RG,High,21551,peripheral,2,350.28419992886484,RG.High
BW,High,21551,peripheral,3,350.91929999180115,BW.High
BW,High,21551,peripheral,4,334.3762999866158,BW.High
BW,Low,21551,peripheral,5,217.44160004891455,BW.Low
RG,High,21551,peripheral,6,300.7364999502897,RG.High
BW,Low,21551,peripheral,7,300.6724000442773,BW.Low
RG,Low,21551,peripheral,8,317.43769999593496,RG.Low
RG,Low,21551,peripheral,9,233.35370002314448,RG.Low
BW,Low,21551,peripheral,10,301.0071999160573,BW.Low
RG,High,21551,peripheral,11,366.71720002777874,RG.High
RG,High,21551,peripheral,12,234.58930000197142,RG.High
BW,High,21551,peripheral,13,350.67650000564754,BW.High
BW,High,21551,peripheral,14,350.00630002468824,BW.High
RG,Low,21551,peripheral,15,266.8690000427887,RG.Low
BW,Low,21551,peripheral,16,283.4838000126183,BW.Low
BW,High,21551,peripheral,17,350.8162999060005,BW.High
RG,Low,21551,peripheral,18,267.32879993505776,RG.Low
BW,Low,21551,peripheral,19,317.05569999758063,BW.Low
RG,Low,21551,peripheral,20,300.06470007356256,RG.Low
BW,High,21551,peripheral,21,318.0214000167325,BW.High
BW,Low,21551,peripheral,22,300.9595000185068,BW.Low
RG,High,21551,peripheral,23,350.0450000865385,RG.High
RG,High,21551,peripheral,24,283.430999959819,RG.High
RG,High,21551,peripheral,25,283.2714000251144,RG.High
RG,Low,21551,peripheral,26,300.5558999720961,RG.Low
BW,High,21551,peripheral,27,316.9559999369085,BW.High
RG,High,21551,peripheral,28,383.9033000404015,RG.High
BW,Low,21551,peripheral,29,351.1308999732132,BW.Low
BW,High,21551,peripheral,30,350.848800037056,BW.High
RG,Low,21551,peripheral,31,283.2794999703765,RG.Low
BW,Low,21551,peripheral,32,234.0963000897318,BW.Low
RG,Low,21553,peripheral,1,484.6722999936901,RG.Low
RG,High,21553,peripheral,2,367.7081999776419,RG.High
BW,Low,21553,peripheral,3,251.12860000808723,BW.Low
BW,High,21553,peripheral,4,367.37839999841526,BW.High
RG,Low,21553,peripheral,5,384.4011000182943,RG.Low
BW,High,21553,peripheral,6,351.1325999861583,BW.High
RG,High,21553,peripheral,7,434.90530000417493,RG.High
RG,Low,21553,peripheral,9,383.65440000779927,RG.Low
BW,High,21553,peripheral,10,433.8913999963552,BW.High
RG,Low,21553,peripheral,11,350.17099999822676,RG.Low
BW,High,21553,peripheral,12,400.07520001381636,BW.High
BW,Low,21553,peripheral,13,300.65400002058686,BW.Low
RG,High,21553,peripheral,14,500.95190000138246,RG.High
RG,High,21553,peripheral,15,383.84160000714564,RG.High
BW,Low,21553,peripheral,16,351.2380000029225,BW.Low
RG,High,21553,peripheral,17,334.8863999999594,RG.High
RG,Low,21553,peripheral,18,434.23730001086415,RG.Low
RG,Low,21553,peripheral,19,350.661400007084,RG.Low
BW,Low,21553,peripheral,20,333.90480000525713,BW.Low
BW,High,21553,peripheral,21,467.773100011982,BW.High
RG,High,21553,peripheral,22,468.17039998131713,RG.High
BW,High,21553,peripheral,23,434.7086999914609,BW.High
BW,Low,21553,peripheral,24,350.6246999895666,BW.Low
RG,Low,21553,peripheral,25,399.91490001557395,RG.Low
BW,High,21553,peripheral,26,416.5793000138365,BW.High
RG,High,21553,peripheral,27,434.54170000040904,RG.High
RG,High,21553,peripheral,28,367.81820000032894,RG.High
RG,Low,21553,peripheral,29,350.6259999994654,RG.Low
BW,Low,21553,peripheral,30,316.93189998622984,BW.Low
BW,Low,21553,peripheral,32,318.42100000358187,BW.Low
RG,High,21553,central,1,366.67690001195297,RG.High
BW,Low,21553,central,2,234.36420000507496,BW.Low
BW,High,21553,central,3,350.96920002251954,BW.High
BW,High,21553,central,4,301.29450000822544,BW.High
BW,Low,21553,central,5,300.5827000015415,BW.Low
RG,Low,21553,central,6,300.7105000142474,RG.Low
RG,High,21553,central,7,317.8200999973342,RG.High
RG,Low,21553,central,8,267.2473999846261,RG.Low
RG,Low,21553,central,9,267.26660001440905,RG.Low
BW,Low,21553,central,10,283.6196999996896,BW.Low
BW,High,21553,central,11,284.12709999247363,BW.High
RG,High,21553,central,12,301.28590000094846,RG.High
RG,High,21553,central,13,350.46230000443757,RG.High
RG,Low,21553,central,14,300.9025999926971,RG.Low
BW,High,21553,central,15,384.40399998216844,BW.High
BW,Low,21553,central,16,250.86619998910464,BW.Low
BW,High,21553,central,17,434.0311999840201,BW.High
RG,High,21553,central,18,317.5370999961151,RG.High
RG,Low,21553,central,21,284.41550000570714,RG.Low
RG,High,21553,central,22,417.0030000095719,RG.High
BW,Low,21553,central,23,285.0000999751501,BW.Low
BW,Low,21553,central,24,266.9552000006661,BW.Low
BW,High,21553,central,25,317.56500000483265,BW.High
RG,High,21553,central,26,334.5220000192055,RG.High
RG,Low,21553,central,27,333.4461000049489,RG.Low
RG,Low,21553,central,28,317.97040000674406,RG.Low
BW,Low,21553,central,29,250.9132999985011,BW.Low
RG,High,21553,central,30,450.7783000008203,RG.High
BW,High,21553,central,31,300.4837000044065,BW.High
BW,Low,21553,central,32,233.6850999854514,BW.Low
RG,High,21553,central,1,417.17820000485517,RG.High
RG,Low,21553,central,2,267.8301999985715,RG.Low
BW,Low,21553,central,3,267.61599999736063,BW.Low
BW,Low,21553,central,4,251.0552000021562,BW.Low
BW,High,21553,central,5,333.87890001176856,BW.High
BW,High,21553,central,6,334.8340999800712,BW.High
RG,Low,21553,central,7,267.8668000153266,RG.Low
RG,High,21553,central,8,351.435999997193,RG.High
RG,High,21553,central,9,301.1631000263146,RG.High
RG,Low,21553,central,10,300.19979999633506,RG.Low
BW,High,21553,central,11,367.69539999659173,BW.High
RG,Low,21553,central,12,317.588199977763,RG.Low
RG,High,21553,central,13,367.2789000265766,RG.High
BW,High,21553,central,14,333.64860000438057,BW.High
BW,Low,21553,central,15,300.2658000041265,BW.Low
BW,Low,21553,central,16,233.5525999951642,BW.Low
BW,Low,21553,central,17,233.87279998860322,BW.Low
BW,Low,21553,central,18,301.4023999858182,BW.Low
BW,High,21553,central,19,234.52609998639673,BW.High
RG,High,21553,central,20,317.7824000013061,RG.High
BW,High,21553,central,21,334.5393000054182,BW.High
RG,Low,21553,central,22,267.78729999205007,RG.Low
RG,High,21553,central,23,400.8321999863256,RG.High
RG,Low,21553,central,24,317.6865999994325,RG.Low
BW,High,21553,central,25,351.2118999788072,BW.High
BW,Low,21553,central,27,335.1193999988027,BW.Low
RG,High,21553,central,28,316.834900004324,RG.High
RG,High,21553,central,29,317.88360001519277,RG.High
BW,Low,21553,central,30,284.1407999803778,BW.Low
RG,Low,21553,central,31,383.6556999885945,RG.Low
BW,High,21553,central,32,417.3150999995414,BW.High
RG,High,21553,peripheral,1,333.8777000026312,RG.High
BW,High,21553,peripheral,2,351.0602999886032,BW.High
BW,Low,21553,peripheral,3,267.85460000974126,BW.Low
RG,Low,21553,peripheral,4,284.28739999071695,RG.Low
BW,High,21553,peripheral,5,400.6103999854529,BW.High
RG,High,21553,peripheral,6,401.1477000021839,RG.High
RG,Low,21553,peripheral,7,333.63209999515675,RG.Low
RG,High,21553,peripheral,9,434.48860000353307,RG.High
RG,Low,21553,peripheral,10,283.895600005053,RG.Low
BW,High,21553,peripheral,11,383.36849998449907,BW.High
BW,Low,21553,peripheral,12,284.0635000029581,BW.Low
RG,High,21553,peripheral,13,417.243799980497,RG.High
BW,High,21553,peripheral,14,400.82039998378605,BW.High
BW,Low,21553,peripheral,15,300.20570001215674,BW.Low
RG,Low,21553,peripheral,16,301.036099990597,RG.Low
BW,High,21553,peripheral,17,334.31750000454485,BW.High
RG,High,21553,peripheral,18,368.0303000146523,RG.High
RG,Low,21553,peripheral,19,333.5478999943007,RG.Low
BW,Low,21553,peripheral,20,267.5216000061473,BW.Low
BW,High,21553,peripheral,21,351.31080000428483,BW.High
RG,High,21553,peripheral,22,300.94989997451194,RG.High
BW,Low,21553,peripheral,23,267.529899982037,BW.Low
RG,Low,21553,peripheral,24,300.5173999990802,RG.Low
RG,High,21553,peripheral,25,450.2565999864596,RG.High
RG,Low,21553,peripheral,26,317.7128999959682,RG.Low
RG,Low,21553,peripheral,27,317.1916000137571,RG.Low
BW,Low,21553,peripheral,28,266.65700000012293,BW.Low
BW,High,21553,peripheral,30,384.1233999992255,BW.High
BW,High,21553,peripheral,31,367.13379999855556,BW.High
BW,Low,21553,peripheral,32,233.39939999277703,BW.Low
BW,Low,21557,peripheral,1,317.49909999780357,BW.Low
BW,High,21557,peripheral,2,434.3052000040184,BW.High
BW,Low,21557,peripheral,3,450.74889995157673,BW.Low
RG,High,21557,peripheral,4,434.8702999996019,RG.High
RG,Low,21557,peripheral,5,317.52550008240996,RG.Low
RG,High,21557,peripheral,6,417.97850001603456,RG.High
RG,Low,21557,peripheral,7,417.48970001936004,RG.Low
BW,High,21557,peripheral,8,466.6869000066072,BW.High
BW,Low,21557,peripheral,9,316.1231999984011,BW.Low
BW,High,21557,peripheral,10,434.1024999739602,BW.High
BW,Low,21557,peripheral,11,250.84650004282594,BW.Low
RG,Low,21557,peripheral,12,351.8576000351459,RG.Low
BW,High,21557,peripheral,13,434.2117999913171,BW.High
RG,High,21557,peripheral,14,383.98169993888496,RG.High
RG,Low,21557,peripheral,15,367.65639996156096,RG.Low
RG,High,21557,peripheral,16,450.9639000752941,RG.High
BW,High,21557,peripheral,17,350.6792000262069,BW.High
BW,Low,21557,peripheral,18,351.1424999451274,BW.Low
RG,High,21557,peripheral,19,450.55159996263683,RG.High
RG,High,21557,peripheral,20,433.6817000294104,RG.High
BW,Low,21557,peripheral,21,300.93999998643994,BW.Low
RG,Low,21557,peripheral,22,334.61120002903044,RG.Low
BW,High,21557,peripheral,23,401.3638000469664,BW.High
RG,Low,21557,peripheral,24,384.4459999818364,RG.Low
RG,High,21557,peripheral,25,451.7439999617636,RG.High
BW,High,21557,peripheral,28,467.50789997167794,BW.High
RG,Low,21557,peripheral,29,350.74300004635006,RG.Low
BW,Low,21557,peripheral,30,334.5200000330806,BW.Low
BW,Low,21557,peripheral,31,350.2498000161713,BW.Low
RG,Low,21557,peripheral,32,368.07709990534886,RG.Low
RG,High,21557,central,1,333.3156000589952,RG.High
BW,High,21557,central,3,416.93629999645054,BW.High
RG,Low,21557,central,4,384.27390006836504,RG.Low
BW,High,21557,central,5,434.326299931854,BW.High
RG,Low,21557,central,6,284.1196999652302,RG.Low
BW,Low,21557,central,7,300.20930001046463,BW.Low
BW,Low,21557,central,8,384.3898000195618,BW.Low
BW,Low,21557,central,9,367.7902000490576,BW.Low
BW,Low,21557,central,10,284.6707999706259,BW.Low
RG,Low,21557,central,11,301.4407999580726,RG.Low
BW,High,21557,central,12,401.45100001245737,BW.High
RG,Low,21557,central,13,401.37109998613687,RG.Low
BW,High,21557,central,14,468.62609998788685,BW.High
RG,High,21557,central,15,467.4447999568656,RG.High
RG,High,21557,central,16,467.35239995177835,RG.High
BW,Low,21557,central,17,333.5396000184119,BW.Low
RG,High,21557,central,18,433.64070006646307,RG.High
BW,Low,21557,central,19,300.0314000528306,BW.Low
RG,High,21557,central,20,367.48520005494356,RG.High
BW,High,21557,central,21,400.2397999865934,BW.High
BW,High,21557,central,22,451.35600003413856,BW.High
RG,Low,21557,central,23,350.7990000071004,RG.Low
RG,Low,21557,central,24,351.28159995656483,RG.Low
BW,High,21557,central,25,416.99589998461306,BW.High
BW,Low,21557,central,27,484.15719997137785,BW.Low
RG,Low,21557,central,28,334.68259999062866,RG.Low
RG,High,21557,central,29,449.9266999773679,RG.High
RG,High,21557,central,31,433.4653000114495,RG.High
BW,Low,21557,central,32,316.574800061062,BW.Low
BW,Low,21557,central,1,333.2213000394395,BW.Low
RG,High,21557,central,2,450.7745000300929,RG.High
RG,Low,21557,central,3,383.0465000355616,RG.Low
BW,High,21557,central,4,384.12910001352384,BW.High
RG,Low,21557,central,5,300.39500002749264,RG.Low
RG,High,21557,central,6,366.53160001151264,RG.High
BW,High,21557,central,7,483.77359996084033,BW.High
BW,Low,21557,central,8,267.35199999529823,BW.Low
RG,Low,21557,central,9,384.44429996889085,RG.Low
BW,High,21557,central,10,417.422299971804,BW.High
BW,Low,21557,central,11,317.62159999925643,BW.Low
RG,Low,21557,central,12,384.5346999587491,RG.Low
BW,High,21557,central,13,483.3341999910772,BW.High
BW,Low,21557,central,14,318.24959989171475,BW.Low
RG,High,21557,central,15,451.1649999767542,RG.High
RG,High,21557,central,16,316.90679991152115,RG.High
BW,Low,21557,central,17,284.56339996773704,BW.Low
BW,High,21557,central,18,417.29080001823604,BW.High
BW,High,21557,central,19,433.02460003178567,BW.High
BW,Low,21557,central,20,333.9830000186339,BW.Low
RG,High,21557,central,21,367.1286000171681,RG.High
RG,High,21557,central,22,401.32099995389603,RG.High
RG,Low,21557,central,23,317.07470002584114,RG.Low
RG,Low,21557,central,24,401.22290002182126,RG.Low
BW,High,21557,central,25,450.5705999908969,BW.High
RG,Low,21557,central,26,317.8976000053808,RG.Low
BW,Low,21557,central,27,283.98960002232343,BW.Low
RG,High,21557,central,28,334.0889998944476,RG.High
BW,Low,21557,central,29,300.9859999874607,BW.Low
RG,High,21557,central,30,417.4318999284874,RG.High
BW,High,21557,central,31,500.32959994859993,BW.High
RG,Low,21557,central,32,383.85519990697503,RG.Low
BW,Low,21557,peripheral,1,316.90690002869815,BW.Low
RG,Low,21557,peripheral,2,317.8312999662012,RG.Low
BW,High,21557,peripheral,3,400.7863000733778,BW.High
RG,High,21557,peripheral,5,450.28439990710467,RG.High
RG,High,21557,peripheral,6,417.0837000710899,RG.High
BW,High,21557,peripheral,7,416.7493999702856,BW.High
RG,Low,21557,peripheral,8,350.98779993131757,RG.Low
BW,High,21557,peripheral,9,433.47679998259946,BW.High
BW,Low,21557,peripheral,11,351.57270007766783,BW.Low
BW,Low,21557,peripheral,12,350.3598999232054,BW.Low
BW,High,21557,peripheral,13,500.9032000089064,BW.High
RG,High,21557,peripheral,14,517.728199949488,RG.High
RG,Low,21557,peripheral,15,333.5549000184983,RG.Low
RG,High,21557,peripheral,16,516.3859999738634,RG.High
RG,Low,21557,peripheral,17,317.415800062008,RG.Low
BW,Low,21557,peripheral,18,266.9638000661507,BW.Low
RG,High,21557,peripheral,19,517.6539000822231,RG.High
BW,High,21557,peripheral,21,366.13460001535714,BW.High
BW,Low,21557,peripheral,22,351.5354000264781,BW.Low
RG,Low,21557,peripheral,23,367.7093000151217,RG.Low
RG,High,21557,peripheral,24,418.0290000513196,RG.High
BW,Low,21557,peripheral,25,299.8283000197257,BW.Low
RG,Low,21557,peripheral,26,466.8503000866624,RG.Low
BW,High,21557,peripheral,27,418.7984000891447,BW.High
RG,High,21557,peripheral,28,517.2347999177873,RG.High
BW,High,21557,peripheral,29,383.6191999725995,BW.High
RG,Low,21557,peripheral,30,332.38049992360175,RG.Low
RG,High,21557,peripheral,31,351.4592000283301,RG.High
BW,Low,21557,peripheral,32,332.9631000524387,BW.Low
BW,High,21561,peripheral,1,534.2115000021295,BW.High
RG,High,21561,peripheral,3,400.7236999968882,RG.High
RG,Low,21561,peripheral,4,400.6590999997561,RG.Low
BW,Low,21561,peripheral,5,267.2794999962207,BW.Low
RG,Low,21561,peripheral,6,434.51060000370444,RG.Low
BW,Low,21561,peripheral,7,300.1971999983648,BW.Low
RG,High,21561,peripheral,8,317.29949999862583,RG.High
BW,Low,21561,peripheral,9,284.2508000030648,BW.Low
RG,Low,21561,peripheral,10,284.03200000320794,RG.Low
RG,High,21561,peripheral,11,467.88889999879757,RG.High
BW,High,21561,peripheral,12,434.600799999316,BW.High
BW,High,21561,peripheral,13,299.8186999975578,BW.High
RG,High,21561,peripheral,14,501.2809999971064,RG.High
RG,Low,21561,peripheral,15,350.71790000074543,RG.Low
BW,Low,21561,peripheral,16,350.9044000020367,BW.Low
BW,High,21561,peripheral,17,284.78719999839086,BW.High
BW,High,21561,peripheral,18,317.7882000018153,BW.High
RG,Low,21561,peripheral,19,301.8777999968738,RG.Low
RG,High,21561,peripheral,20,400.6131999994968,RG.High
BW,Low,21561,peripheral,21,267.0203000016045,BW.Low
RG,High,21561,peripheral,22,433.4445999993486,RG.High
BW,Low,21561,peripheral,24,317.646400006196,BW.Low
RG,Low,21561,peripheral,26,384.77160000184085,RG.Low
BW,High,21561,peripheral,28,283.40749999915715,BW.High
BW,Low,21561,peripheral,29,333.3155000000261,BW.Low
RG,High,21561,peripheral,30,467.3246000020299,RG.High
BW,High,21561,peripheral,32,285.35079999710433,BW.High
RG,Low,21561,central,1,284.76759999466594,RG.Low
BW,Low,21561,central,2,234.2800000042189,BW.Low
RG,High,21561,central,5,317.5310999940848,RG.High
BW,High,21561,central,6,366.5844999995895,BW.High
RG,Low,21561,central,7,300.77259999961916,RG.Low
RG,High,21561,central,8,333.9779000016281,RG.High
RG,Low,21561,central,9,267.2004999985802,RG.Low
BW,Low,21561,central,11,250.70250000135275,BW.Low
BW,High,21561,central,12,333.6275000037856,BW.High
RG,High,21561,central,13,267.2805000038352,RG.High
BW,Low,21561,central,14,284.7376999998223,BW.Low
RG,High,21561,central,15,384.3067999987395,RG.High
RG,Low,21561,central,16,317.7477999997791,RG.Low
RG,High,21561,central,17,417.4199999979455,RG.High
RG,Low,21561,central,18,333.5038999939561,RG.Low
BW,High,21561,central,19,367.2238999934061,BW.High
RG,High,21561,central,20,351.1788999967398,RG.High
BW,Low,21561,central,21,234.09969999920577,BW.Low
BW,High,21561,central,22,450.4302999994252,BW.High
BW,Low,21561,central,23,283.2864000010886,BW.Low
RG,Low,21561,central,24,350.18290000152774,RG.Low
BW,High,21561,central,25,317.28219999786234,BW.High
RG,High,21561,central,26,400.1137000013839,RG.High
RG,High,21561,central,27,283.66550000646384,RG.High
BW,Low,21561,central,28,317.5516999981485,BW.Low
BW,High,21561,central,29,317.504099999496,BW.High
BW,Low,21561,central,30,251.0041999994428,BW.Low
RG,Low,21561,central,31,367.5284999990249,RG.Low
RG,Low,21561,central,32,301.07349999889266,RG.Low
RG,Low,21561,central,1,350.86520000186283,RG.Low
BW,Low,21561,central,2,266.70799999555993,BW.Low
BW,Low,21561,central,3,267.1741999947694,BW.Low
RG,Low,21561,central,4,250.08100000559352,RG.Low
BW,High,21561,central,5,435.1005000062289,BW.High
BW,High,21561,central,6,417.42080000403803,BW.High
RG,High,21561,central,7,301.9133999987389,RG.High
RG,High,21561,central,8,335.1881000053263,RG.High
BW,Low,21561,central,9,251.05909999547293,BW.Low
RG,High,21561,central,11,284.74350000033155,RG.High
BW,Low,21561,central,12,334.45420000498393,BW.Low
RG,Low,21561,central,13,301.195000000007,RG.Low
BW,High,21561,central,14,334.36129999608966,BW.High
RG,Low,21561,central,15,416.4080999980788,RG.Low
RG,High,21561,central,17,367.21679999754997,RG.High
RG,Low,21561,central,18,267.51550000335646,RG.Low
RG,High,21561,central,19,319.3027000015718,RG.High
BW,Low,21561,central,20,333.72509999753674,BW.Low
BW,High,21561,central,21,400.76260000205366,BW.High
RG,High,21561,central,22,300.51900000398837,RG.High
BW,High,21561,central,23,417.1474999966449,BW.High
BW,Low,21561,central,24,250.70470000355272,BW.Low
BW,Low,21561,central,25,217.38890000415267,BW.Low
RG,Low,21561,central,26,267.717900002026,RG.Low
RG,High,21561,central,27,349.9110999982804,RG.High
RG,Low,21561,central,28,317.45349999982864,RG.Low
BW,Low,21561,central,29,317.39650000235997,BW.Low
BW,High,21561,central,30,433.7066000007326,BW.High
BW,High,21561,central,31,433.89229999593226,BW.High
RG,High,21561,central,32,268.15170000190847,RG.High
RG,High,21561,peripheral,1,451.2426000001142,RG.High
BW,Low,21561,peripheral,4,267.3253000029936,BW.Low
BW,Low,21561,peripheral,5,267.83309999882476,BW.Low
BW,High,21561,peripheral,6,334.0619999944463,BW.High
BW,High,21561,peripheral,7,384.81470000260697,BW.High
RG,Low,21561,peripheral,8,318.39900000341004,RG.Low
BW,Low,21561,peripheral,9,267.36959999834653,BW.Low
RG,Low,21561,peripheral,10,350.03090000100156,RG.Low
RG,Low,21561,peripheral,11,300.80810000072233,RG.Low
BW,High,21561,peripheral,12,451.18380000349134,BW.High
RG,High,21561,peripheral,13,434.91500000527594,RG.High
RG,High,21561,peripheral,14,416.64760000276124,RG.High
BW,Low,21561,peripheral,15,368.1371999991825,BW.Low
BW,High,21561,peripheral,16,400.39750000141703,BW.High
RG,Low,21561,peripheral,17,301.27530000027036,RG.Low
BW,Low,21561,peripheral,18,317.91960000555287,BW.Low
BW,Low,21561,peripheral,19,317.82920000114245,BW.Low
RG,Low,21561,peripheral,20,350.9061000004292,RG.Low
RG,High,21561,peripheral,21,384.5675000047777,RG.High
RG,High,21561,peripheral,22,368.03579999832436,RG.High
BW,High,21561,peripheral,23,316.8227999994999,BW.High
BW,High,21561,peripheral,24,351.43659999448573,BW.High
BW,Low,21561,peripheral,25,300.70490000071004,BW.Low
RG,Low,21561,peripheral,26,417.41300000285264,RG.Low
RG,High,21561,peripheral,27,416.82269999728305,RG.High
BW,High,21561,peripheral,28,316.415400004189,BW.High
RG,Low,21561,peripheral,29,317.1193000016501,RG.Low
BW,High,21561,peripheral,30,367.2011000016937,BW.High
RG,High,21561,peripheral,31,434.50380000285804,RG.High
BW,Low,21561,peripheral,32,267.3239000068861,BW.Low
RG,High,21562,central,1,401.1770999932196,RG.High
RG,Low,21562,central,3,267.68459999584593,RG.Low
BW,Low,21562,central,4,234.3852999911178,BW.Low
RG,Low,21562,central,5,251.13119999878109,RG.Low
BW,Low,21562,central,6,250.15330000314862,BW.Low
RG,High,21562,central,7,400.9132999926803,RG.High
BW,High,21562,central,8,385.3049000026656,BW.High
RG,Low,21562,central,9,250.53329998627305,RG.Low
RG,High,21562,central,10,333.9368999877479,RG.High
BW,High,21562,central,11,233.8278000243008,BW.High
BW,Low,21562,central,12,283.741099992767,BW.Low
RG,High,21562,central,13,267.8269000025466,RG.High
BW,Low,21562,central,14,217.85119999549306,BW.Low
RG,Low,21562,central,15,250.22859999444248,RG.Low
BW,High,21562,central,16,301.1471000208985,BW.High
RG,High,21562,central,17,333.854299999075,RG.High
BW,Low,21562,central,18,250.76520000584424,BW.Low
RG,High,21562,central,19,251.01080001331866,RG.High
BW,High,21562,central,20,334.06209998065606,BW.High
BW,High,21562,central,21,367.490500007988,BW.High
RG,Low,21562,central,22,417.2215000144206,RG.Low
RG,Low,21562,central,23,267.114599992055,RG.Low
BW,Low,21562,central,24,201.06120000127703,BW.Low
RG,Low,21562,central,25,234.32980000507087,RG.Low
RG,High,21562,central,26,233.79080000449903,RG.High
BW,High,21562,central,27,300.21539999870583,BW.High
RG,High,21562,central,28,250.94980001449585,RG.High
RG,Low,21562,central,29,284.32919998886064,RG.Low
BW,High,21562,central,30,333.5310999827923,BW.High
BW,Low,21562,central,31,234.65910000959389,BW.Low
BW,Low,21562,central,32,200.99559999653138,BW.Low
RG,Low,21562,peripheral,1,284.64319999329746,RG.Low
BW,High,21562,peripheral,2,318.0561999906786,BW.High
RG,High,21562,peripheral,3,283.6788999848068,RG.High
BW,Low,21562,peripheral,4,217.15849998872773,BW.Low
RG,Low,21562,peripheral,5,351.105199981248,RG.Low
BW,Low,21562,peripheral,6,234.92149999947287,BW.Low
BW,High,21562,peripheral,7,250.95270000747405,BW.High
RG,High,21562,peripheral,8,267.3777000163682,RG.High
BW,Low,21562,peripheral,9,217.3934000020381,BW.Low
RG,Low,21562,peripheral,10,284.32420000899583,RG.Low
RG,High,21562,peripheral,11,317.0328999985941,RG.High
BW,High,21562,peripheral,12,300.8490999927735,BW.High
RG,High,21562,peripheral,13,368.97410001256503,RG.High
BW,High,21562,peripheral,14,366.5058000187855,BW.High
BW,Low,21562,peripheral,15,249.98180000693537,BW.Low
RG,Low,21562,peripheral,16,284.44780001882464,RG.Low
RG,Low,21562,peripheral,17,267.7110999939032,RG.Low
RG,High,21562,peripheral,18,284.3499000009615,RG.High
BW,Low,21562,peripheral,19,217.13640002417378,BW.Low
BW,Low,21562,peripheral,20,385.1872000086587,BW.Low
RG,High,21562,peripheral,21,350.5672999890519,RG.High
RG,Low,21562,peripheral,22,368.16390001331456,RG.Low
BW,High,21562,peripheral,23,283.49699999671384,BW.High
BW,High,21562,peripheral,24,283.92459999304174,BW.High
BW,Low,21562,peripheral,25,250.33779998193583,BW.Low
RG,Low,21562,peripheral,26,383.71910000569187,RG.Low
RG,High,21562,peripheral,27,368.1625000026545,RG.High
BW,High,21562,peripheral,28,301.68209999101236,BW.High
RG,High,21562,peripheral,29,367.8242999885697,RG.High
RG,Low,21562,peripheral,30,367.8350000118371,RG.Low
BW,Low,21562,peripheral,32,218.21160000399686,BW.Low
BW,Low,21562,peripheral,1,250.67090001539327,BW.Low
RG,Low,21562,peripheral,2,300.9038000018336,RG.Low
RG,High,21562,peripheral,3,367.4094000016339,RG.High
BW,High,21562,peripheral,4,368.09470001026057,BW.High
RG,High,21562,peripheral,5,368.0158999923142,RG.High
RG,Low,21562,peripheral,6,334.76929998141713,RG.Low
BW,High,21562,peripheral,7,366.74739999580197,BW.High
BW,Low,21562,peripheral,8,251.56319999950938,BW.Low
RG,Low,21562,peripheral,9,368.1517000077288,RG.Low
RG,High,21562,peripheral,10,316.66609999956563,RG.High
RG,High,21562,peripheral,11,366.2804000196038,RG.High
BW,Low,21562,peripheral,12,284.1737999988254,BW.Low
BW,High,21562,peripheral,13,384.1913999931421,BW.High
BW,Low,21562,peripheral,14,249.71460000961088,BW.Low
BW,High,21562,peripheral,15,401.5198999841232,BW.High
RG,Low,21562,peripheral,16,300.7746999792289,RG.Low
RG,Low,21562,peripheral,17,283.93549998872913,RG.Low
BW,High,21562,peripheral,18,384.21540000126697,BW.High
BW,High,21562,peripheral,19,401.6042000148441,BW.High
RG,High,21562,peripheral,20,384.30619999417104,RG.High
RG,High,21562,peripheral,21,368.15240001305847,RG.High
BW,Low,21562,peripheral,22,234.30870001902804,BW.Low
BW,Low,21562,peripheral,23,251.14150001900225,BW.Low
RG,Low,21562,peripheral,24,300.739899976179,RG.Low
BW,High,21562,peripheral,25,333.399099996313,BW.High
RG,High,21562,peripheral,26,300.58049998478964,RG.High
RG,High,21562,peripheral,27,317.05019998480566,RG.High
RG,Low,21562,peripheral,28,334.5359999802895,RG.Low
RG,Low,21562,peripheral,29,284.29479998885563,RG.Low
BW,Low,21562,peripheral,30,267.49940001172945,BW.Low
BW,High,21562,peripheral,31,368.1022999808192,BW.High
BW,Low,21562,peripheral,32,250.98169999546417,BW.Low
RG,Low,21562,central,1,267.62659999076277,RG.Low
RG,Low,21562,central,2,300.75149997719564,RG.Low
RG,High,21562,central,3,317.9507000022568,RG.High
BW,Low,21562,central,4,234.58789999131113,BW.Low
BW,Low,21562,central,5,317.14229998760857,BW.Low
BW,High,21562,central,6,367.2140999988187,BW.High
RG,High,21562,central,7,366.95140000665606,RG.High
BW,High,21562,central,8,333.8268999941647,BW.High
BW,Low,21562,central,9,234.4523000065235,BW.Low
BW,Low,21562,central,10,200.844800012419,BW.Low
BW,High,21562,central,11,401.2589000049047,BW.High
RG,Low,21562,central,12,267.28020000155084,RG.Low
RG,High,21562,central,13,284.55969999777244,RG.High
RG,Low,21562,central,14,284.0972999983933,RG.Low
BW,High,21562,central,15,318.03759999456815,BW.High
BW,High,21562,central,17,350.46090002288065,BW.High
RG,Low,21562,central,18,284.3806000018958,RG.Low
RG,High,21562,central,19,268.903000018327,RG.High
RG,High,21562,central,20,284.8955999943428,RG.High
BW,Low,21562,central,21,300.6761000142433,BW.Low
BW,High,21562,central,22,368.01499998546205,BW.High
RG,Low,21562,central,23,300.89380001300015,RG.Low
BW,Low,21562,central,24,217.3329000070221,BW.Low
RG,Low,21562,central,25,285.19389999564737,RG.Low
BW,High,21562,central,26,333.64920000894926,BW.High
RG,High,21562,central,27,334.1278000152661,RG.High
BW,Low,21562,central,28,251.06169999344274,BW.Low
RG,Low,21562,central,29,335.4447999736303,RG.Low
BW,Low,21562,central,30,284.0596000023652,BW.Low
RG,High,21562,central,31,233.17849999875762,RG.High
BW,High,21562,central,32,301.36889999266714,BW.High
BW,High,21563,central,1,333.8027000136208,BW.High
BW,Low,21563,central,2,317.6015999924855,BW.Low
BW,High,21563,central,3,350.88109999196604,BW.High
RG,Low,21563,central,4,234.0140999876894,RG.Low
RG,Low,21563,central,5,234.18930001207582,RG.Low
BW,Low,21563,central,6,217.15579999727197,BW.Low
RG,High,21563,central,7,235.12700002174824,RG.High
RG,High,21563,central,8,350.60910001629964,RG.High
BW,Low,21563,central,9,184.39019998186268,BW.Low
RG,High,21563,central,10,317.6250999968031,RG.High
BW,Low,21563,central,11,233.86440001195297,BW.Low
RG,High,21563,central,12,234.19389998889528,RG.High
RG,Low,21563,central,13,217.62710000621067,RG.Low
BW,High,21563,central,14,351.25430001062364,BW.High
RG,Low,21563,central,15,250.98010001238436,RG.Low
BW,High,21563,central,16,383.98219997179694,BW.High
BW,High,21563,central,17,434.65830001514405,BW.High
RG,Low,21563,central,18,267.0872999879066,RG.Low
RG,Low,21563,central,20,350.8772000204772,RG.Low
RG,High,21563,central,21,267.2056999872441,RG.High
BW,Low,21563,central,22,284.14000000339,BW.Low
BW,Low,21563,central,23,217.16669999295846,BW.Low
BW,High,21563,central,24,334.2107000062242,BW.High
BW,Low,21563,central,25,250.31689999741502,BW.Low
RG,Low,21563,central,26,233.77669998444617,RG.Low
RG,High,21563,central,27,251.24130002222955,RG.High
BW,High,21563,central,28,417.71650000009686,BW.High
RG,Low,21563,central,29,250.5131999787409,RG.Low
BW,High,21563,central,30,350.00619999482296,BW.High
BW,Low,21563,central,31,301.0072000033688,BW.Low
RG,High,21563,central,32,250.93399998149835,RG.High
RG,Low,21563,peripheral,1,317.8071000147611,RG.Low
BW,High,21563,peripheral,2,334.2375000065658,BW.High
RG,Low,21563,peripheral,3,268.81420001154765,RG.Low
BW,Low,21563,peripheral,4,250.6590999837499,BW.Low
RG,High,21563,peripheral,5,300.9760999993889,RG.High
BW,High,21563,peripheral,6,300.988500006496,BW.High
BW,Low,21563,peripheral,7,235.05519999889657,BW.Low
RG,High,21563,peripheral,8,284.9850000056904,RG.High
RG,Low,21563,peripheral,9,250.7525999972131,RG.Low
BW,High,21563,peripheral,10,350.4984999890439,BW.High
BW,High,21563,peripheral,11,333.77590001327826,BW.High
RG,High,21563,peripheral,12,267.0610999921337,RG.High
BW,Low,21563,peripheral,13,233.39749997830904,BW.Low
RG,High,21563,peripheral,14,284.1703000012783,RG.High
BW,Low,21563,peripheral,15,384.2992999998387,BW.Low
RG,Low,21563,peripheral,16,267.68020002054936,RG.Low
RG,Low,21563,peripheral,17,234.10709999734536,RG.Low
RG,High,21563,peripheral,18,250.61920000007376,RG.High
BW,Low,21563,peripheral,19,201.19180000620008,BW.Low
BW,Low,21563,peripheral,20,234.2029999999795,BW.Low
BW,High,21563,peripheral,21,367.9971000237856,BW.High
BW,High,21563,peripheral,22,351.4087999938056,BW.High
RG,High,21563,peripheral,23,283.81950000766665,RG.High
RG,Low,21563,peripheral,24,300.3671999904327,RG.Low
BW,Low,21563,peripheral,26,217.08659999421798,BW.Low
RG,High,21563,peripheral,27,267.921299993759,RG.High
BW,High,21563,peripheral,28,350.900300021749,BW.High
RG,High,21563,peripheral,29,301.00669999956153,RG.High
BW,Low,21563,peripheral,30,267.2927999810779,BW.Low
RG,Low,21563,peripheral,31,283.5253999801357,RG.Low
BW,High,21563,peripheral,1,284.718899987638,BW.High
RG,High,21563,peripheral,2,433.8912999955935,RG.High
BW,Low,21563,peripheral,3,233.52859998703912,BW.Low
RG,Low,21563,peripheral,4,267.02869997825474,RG.Low
RG,High,21563,peripheral,5,334.8859999969136,RG.High
BW,High,21563,peripheral,6,316.97250000433996,BW.High
RG,Low,21563,peripheral,7,301.07240000506863,RG.Low
BW,Low,21563,peripheral,8,283.92620000522584,BW.Low
RG,Low,21563,peripheral,9,301.1168999946681,RG.Low
RG,Low,21563,peripheral,10,317.01020000036806,RG.Low
BW,Low,21563,peripheral,11,250.60830000438727,BW.Low
BW,High,21563,peripheral,12,434.6042999823112,BW.High
RG,High,21563,peripheral,13,400.4989000095511,RG.High
BW,Low,21563,peripheral,14,301.0927000141237,BW.Low
RG,High,21563,peripheral,15,268.0972999951332,RG.High
BW,High,21563,peripheral,16,417.2802999964915,BW.High
BW,High,21563,peripheral,17,351.2021999922581,BW.High
RG,High,21563,peripheral,18,366.93210000521503,RG.High
BW,Low,21563,peripheral,19,233.8649000157602,BW.Low
RG,High,21563,peripheral,21,267.5509999971837,RG.High
RG,Low,21563,peripheral,22,267.1954999968875,RG.Low
BW,Low,21563,peripheral,23,250.9311999892816,BW.Low
BW,High,21563,peripheral,24,250.629599991953,BW.High
RG,High,21563,peripheral,25,334.25429998897016,RG.High
BW,High,21563,peripheral,26,401.09460000530817,BW.High
BW,Low,21563,peripheral,27,283.50970000610687,BW.Low
RG,High,21563,peripheral,28,267.4179000023287,RG.High
RG,Low,21563,peripheral,29,251.13270001020283,RG.Low
BW,Low,21563,peripheral,30,234.41609999281354,BW.Low
RG,Low,21563,peripheral,31,284.87479998148046,RG.Low
BW,High,21563,peripheral,32,385.2440000046049,BW.High
BW,High,21563,central,1,351.27210000064315,BW.High
RG,Low,21563,central,2,284.7732999944128,RG.Low
RG,High,21563,central,3,284.15059999679124,RG.High
BW,Low,21563,central,4,249.48570001288317,BW.Low
BW,High,21563,central,5,383.50130000617355,BW.High
BW,Low,21563,central,6,217.5219000200741,BW.Low
RG,Low,21563,central,7,267.72610002081,RG.Low
BW,High,21563,central,9,301.3697999995202,BW.High
RG,High,21563,central,10,284.636299998966,RG.High
BW,High,21563,central,11,383.8620999886184,BW.High
BW,Low,21563,central,12,267.55550000234507,BW.Low
RG,High,21563,central,13,334.47180001530796,RG.High
RG,Low,21563,central,14,267.4946000042846,RG.Low
RG,Low,21563,central,15,300.95100001199216,RG.Low
BW,Low,21563,central,16,250.1074000028891,BW.Low
BW,Low,21563,central,17,267.8913999989163,BW.Low
RG,High,21563,central,18,300.5651000130456,RG.High
RG,Low,21563,central,19,284.95919998385943,RG.Low
RG,Low,21563,central,20,268.46219997969456,RG.Low
BW,High,21563,central,21,251.1872999893967,BW.High
BW,Low,21563,central,22,217.4607000197284,BW.Low
BW,High,21563,central,23,301.08400000608526,BW.High
RG,High,21563,central,24,333.3448000194039,RG.High
RG,High,21563,central,25,267.2857999859839,RG.High
RG,Low,21563,central,26,250.27699998463504,RG.Low
BW,High,21563,central,27,317.0562000013888,BW.High
BW,Low,21563,central,28,217.29420000337996,BW.Low
BW,High,21563,central,29,367.3986000067089,BW.High
BW,Low,21563,central,30,234.87980000209063,BW.Low
RG,High,21563,central,31,267.97469999291934,RG.High
RG,Low,21563,central,32,383.62760000745766,RG.Low
RG,Low,21565,peripheral,1,301.2968999973964,RG.Low
BW,Low,21565,peripheral,2,317.95019999844953,BW.Low
BW,Low,21565,peripheral,3,284.999900002731,BW.Low
BW,High,21565,peripheral,4,317.17980000394164,BW.High
BW,High,21565,peripheral,5,350.79359999508597,BW.High
RG,High,21565,peripheral,6,284.32600000087496,RG.High
RG,Low,21565,peripheral,7,250.86559999908786,RG.Low
RG,High,21565,peripheral,8,418.3499999999185,RG.High
RG,High,21565,peripheral,9,368.19339999783597,RG.High
RG,Low,21565,peripheral,10,266.5942999956319,RG.Low
BW,High,21565,peripheral,11,234.88840000209166,BW.High
BW,Low,21565,peripheral,12,234.45369999535592,BW.Low
BW,High,21565,peripheral,13,301.22619999747167,BW.High
RG,Low,21565,peripheral,14,283.8683999943887,RG.Low
BW,Low,21565,peripheral,15,233.08420000103115,BW.Low
RG,High,21565,peripheral,16,266.32699999754504,RG.High
RG,High,21565,peripheral,17,265.50049999787007,RG.High
BW,High,21565,peripheral,18,233.50579999532783,BW.High
RG,High,21565,peripheral,19,284.07300000253554,RG.High
BW,High,21565,peripheral,20,234.2943999974525,BW.High
BW,Low,21565,peripheral,21,216.63599999737926,BW.Low
RG,Low,21565,peripheral,22,184.16140000044922,RG.Low
BW,Low,21565,peripheral,23,234.15029999887338,BW.Low
RG,Low,21565,peripheral,24,334.36470000015106,RG.Low
BW,High,21565,peripheral,25,266.944599999988,BW.High
RG,High,21565,peripheral,26,233.5084000005736,RG.High
BW,Low,21565,peripheral,28,267.5267000013264,BW.Low
RG,High,21565,peripheral,29,250.6308000010895,RG.High
RG,Low,21565,peripheral,30,300.4523999989033,RG.Low
BW,Low,21565,peripheral,31,250.9260000006188,BW.Low
BW,High,21565,peripheral,32,234.01409999496536,BW.High
RG,High,21565,central,1,268.0629000024055,RG.High
BW,Low,21565,central,2,201.4902999944752,BW.Low
RG,Low,21565,central,3,267.3651000004611,RG.Low
RG,Low,21565,central,4,301.07430000498425,RG.Low
BW,High,21565,central,5,251.37070000346284,BW.High
BW,Low,21565,central,6,234.67320000054315,BW.Low
RG,High,21565,central,7,316.5138000040324,RG.High
BW,High,21565,central,8,334.694699995453,BW.High
BW,High,21565,central,9,234.0085000032559,BW.High
BW,High,21565,central,10,350.1738000049954,BW.High
RG,Low,21565,central,11,283.5430999984965,RG.Low
BW,Low,21565,central,12,250.86409999494208,BW.Low
BW,Low,21565,central,13,234.0683000002164,BW.Low
RG,High,21565,central,14,233.78089999459917,RG.High
RG,High,21565,central,15,284.96930000255816,RG.High
RG,Low,21565,central,16,251.01720000384464,RG.Low
RG,High,21565,central,17,268.0244000002858,RG.High
BW,High,21565,central,18,366.7076999990968,BW.High
RG,Low,21565,central,19,250.8541999995939,RG.Low
BW,High,21565,central,21,267.6750000027823,BW.High
BW,Low,21565,central,22,250.5405999982031,BW.Low
BW,Low,21565,central,23,234.37150000245398,BW.Low
RG,Low,21565,central,24,284.83979999873554,RG.Low
RG,High,21565,central,25,317.37649999558926,RG.High
BW,Low,21565,central,26,266.5383000057773,BW.Low
BW,High,21565,central,27,267.14300000458024,BW.High
RG,High,21565,central,28,349.97970000404166,RG.High
RG,Low,21565,central,29,234.50040000170702,RG.Low
BW,High,21565,central,30,317.9084999937911,BW.High
RG,Low,21565,central,31,351.5772000027937,RG.Low
BW,Low,21565,central,32,267.9677000051024,BW.Low
RG,Low,21565,central,1,350.8693999974639,RG.Low
BW,Low,21565,central,2,234.89770000014687,BW.Low
RG,Low,21565,central,3,300.2427000028547,RG.Low
RG,High,21565,central,4,267.76240000617645,RG.High
BW,Low,21565,central,5,216.68650000356138,BW.Low
BW,High,21565,central,6,317.5883000003523,BW.High
BW,High,21565,central,7,251.08750000072177,BW.High
RG,High,21565,central,8,283.900899994479,RG.High
BW,High,21565,central,9,250.74649999442045,BW.High
BW,Low,21565,central,10,234.70119999547023,BW.Low
BW,Low,21565,central,11,250.9059000003615,BW.Low
RG,High,21565,central,12,317.7974999998687,RG.High
RG,Low,21565,central,13,317.4684000041452,RG.Low
BW,High,21565,central,14,334.2814999996335,BW.High
RG,Low,21565,central,15,267.4358000003849,RG.Low
RG,High,21565,central,16,267.59570000285703,RG.High
BW,Low,21565,central,17,218.06179999839514,BW.Low
BW,High,21565,central,18,201.37339999928372,BW.High
BW,High,21565,central,20,301.08049999398554,BW.High
RG,High,21565,central,21,250.764600001276,RG.High
RG,High,21565,central,22,367.3976000063699,RG.High
RG,Low,21565,central,23,284.07520000473596,RG.Low
BW,Low,21565,central,24,284.1714000023785,BW.Low
BW,Low,21565,central,25,284.3021000007866,BW.Low
BW,Low,21565,central,26,284.49620000174036,BW.Low
RG,High,21565,central,27,367.8702999968664,RG.High
BW,High,21565,central,28,300.822800003516,BW.High
RG,High,21565,central,29,317.1899000008125,RG.High
RG,Low,21565,central,30,333.1880000041565,RG.Low
RG,Low,21565,central,31,284.28939999867,RG.Low
BW,High,21565,central,32,368.10410000180127,BW.High
BW,High,21565,peripheral,1,317.4179999987248,BW.High
BW,Low,21565,peripheral,2,216.94729999580886,BW.Low
BW,Low,21565,peripheral,3,267.422600001737,BW.Low
RG,Low,21565,peripheral,4,267.62199999939276,RG.Low
RG,High,21565,peripheral,6,333.61219999642344,RG.High
BW,High,21565,peripheral,7,317.21500000276137,BW.High
RG,Low,21565,peripheral,8,284.31650000129594,RG.Low
RG,Low,21565,peripheral,9,284.49990000081016,RG.Low
BW,Low,21565,peripheral,10,267.2413999971468,BW.Low
BW,Low,21565,peripheral,11,234.23270000057528,BW.Low
BW,High,21565,peripheral,12,367.38570000306936,BW.High
RG,Low,21565,peripheral,14,350.95169999840437,RG.Low
RG,High,21565,peripheral,15,399.68840000074124,RG.High
RG,High,21565,peripheral,16,333.2888000004459,RG.High
BW,High,21565,peripheral,17,317.1507000006386,BW.High
RG,High,21565,peripheral,18,384.307300002547,RG.High
BW,High,21565,peripheral,19,384.76790000277106,BW.High
RG,Low,21565,peripheral,20,333.19979999942007,RG.Low
BW,Low,21565,peripheral,21,283.9490999976988,BW.Low
RG,Low,21565,peripheral,22,334.58360000076937,RG.Low
BW,Low,21565,peripheral,23,267.76100000279257,BW.Low
RG,High,21565,peripheral,24,300.35710000083736,RG.High
RG,Low,21565,peripheral,25,317.0601000019806,RG.Low
BW,Low,21565,peripheral,26,267.4286000037682,BW.Low
BW,Low,21565,peripheral,27,251.27890000294383,BW.Low
BW,High,21565,peripheral,29,317.23280000005616,BW.High
RG,High,21565,peripheral,30,450.7601000004795,RG.High
RG,Low,21565,peripheral,31,317.7486999993562,RG.Low
BW,High,21565,peripheral,32,350.5823000014061,BW.High
BW,Low,21567,peripheral,1,250.42820000089705,BW.Low
BW,High,21567,peripheral,2,284.39539996907115,BW.High
RG,Low,21567,peripheral,3,266.71140000689775,RG.Low
RG,Low,21567,peripheral,5,300.4032999742776,RG.Low
BW,High,21567,peripheral,6,317.1718999510622,BW.High
RG,High,21567,peripheral,7,383.5155999986455,RG.High
BW,Low,21567,peripheral,8,300.1149999909103,BW.Low
BW,Low,21567,peripheral,9,250.9313999908045,BW.Low
BW,High,21567,peripheral,10,384.67830000445247,BW.High
RG,High,21567,peripheral,11,283.28949993010565,RG.High
RG,High,21567,peripheral,12,334.08270007930696,RG.High
RG,Low,21567,peripheral,13,334.2422000132499,RG.Low
BW,High,21567,peripheral,14,384.3944000545889,BW.High
RG,Low,21567,peripheral,15,285.0951999425888,RG.Low
BW,Low,21567,peripheral,16,300.6556000327687,BW.Low
BW,Low,21567,peripheral,18,300.7699000881985,BW.Low
BW,High,21567,peripheral,20,316.92050001583993,BW.High
BW,High,21567,peripheral,21,334.2804000712931,BW.High
RG,High,21567,peripheral,22,317.5549999577929,RG.High
RG,Low,21567,peripheral,23,317.3427999718124,RG.Low
RG,Low,21567,peripheral,24,367.6448999904096,RG.Low
BW,High,21567,peripheral,25,301.12170008942485,BW.High
BW,Low,21567,peripheral,26,217.53200003877282,BW.Low
RG,High,21567,peripheral,27,300.8579999441281,RG.High
RG,High,21567,peripheral,28,283.6840000236407,RG.High
BW,High,21567,peripheral,29,434.3901999527584,BW.High
RG,Low,21567,peripheral,30,300.7786999223754,RG.Low
BW,Low,21567,peripheral,31,350.9282999439165,BW.Low
RG,Low,21567,peripheral,32,351.16349998861506,RG.Low
RG,High,21567,central,1,367.4796000123024,RG.High
BW,Low,21567,central,2,267.81480002682656,BW.Low
RG,Low,21567,central,3,317.0412000035867,RG.Low
RG,Low,21567,central,4,384.3047000700608,RG.Low
BW,High,21567,central,5,401.18779998738273,BW.High
BW,Low,21567,central,6,283.8690000353381,BW.Low
RG,High,21567,central,7,350.73429998010397,RG.High
BW,High,21567,central,8,316.9132000766692,BW.High
RG,High,21567,central,9,301.08430003747344,RG.High
BW,High,21567,central,10,366.7330000316724,BW.High
RG,Low,21567,central,11,267.2861999599263,RG.Low
BW,Low,21567,central,12,267.9535000352189,BW.Low
RG,High,21567,central,13,484.37790002208203,RG.High
BW,Low,21567,central,14,283.21290004532693,BW.Low
BW,High,21567,central,15,450.1837999559939,BW.High
RG,Low,21567,central,16,334.3397000571713,RG.Low
BW,High,21567,central,17,451.458299998194,BW.High
RG,High,21567,central,18,334.3695000512523,RG.High
BW,Low,21567,central,19,317.69079994410276,BW.Low
RG,Low,21567,central,20,401.2691000243649,RG.Low
RG,Low,21567,central,21,333.82230007555336,RG.Low
BW,High,21567,central,22,383.76090000383556,BW.High
RG,High,21567,central,23,366.95990001317114,RG.High
BW,Low,21567,central,24,284.3257000204185,BW.Low
RG,High,21567,central,26,401.0646999813616,RG.High
BW,Low,21567,central,27,266.7418000055477,BW.Low
BW,High,21567,central,28,334.28860001731664,BW.High
RG,Low,21567,central,29,317.9259999888018,RG.Low
BW,Low,21567,central,30,334.2197999591008,BW.Low
RG,Low,21567,central,31,284.98350002337247,RG.Low
BW,High,21567,central,32,465.86500003468245,BW.High
RG,Low,21567,central,1,367.3562000039965,RG.Low
BW,High,21567,central,2,351.30079998634756,BW.High
RG,High,21567,central,3,367.6070000510665,RG.High
RG,High,21567,central,4,350.3473000600925,RG.High
BW,Low,21567,central,5,300.5849999608472,BW.Low
BW,High,21567,central,6,350.0430000713095,BW.High
BW,Low,21567,central,7,300.65600003581494,BW.Low
RG,Low,21567,central,8,350.92530003748834,RG.Low
RG,High,21567,central,9,417.57980000693306,RG.High
BW,High,21567,central,10,367.3071999801325,BW.High
BW,Low,21567,central,11,300.04110001027584,BW.Low
RG,Low,21567,central,12,484.68450002837926,RG.Low
BW,Low,21567,central,13,316.7159999720752,BW.Low
RG,High,21567,central,14,301.27519997768013,RG.High
RG,Low,21567,central,15,383.9638000354171,RG.Low
BW,High,21567,central,16,267.4468000186607,BW.High
BW,Low,21567,central,17,267.72679993882775,BW.Low
BW,High,21567,central,18,401.28910006023943,BW.High
BW,Low,21567,central,20,317.87129992153496,BW.Low
RG,Low,21567,central,21,317.2360999742525,RG.Low
RG,Low,21567,central,22,366.5213999338448,RG.Low
RG,High,21567,central,23,317.447500070557,RG.High
BW,High,21567,central,24,284.25450006034225,BW.High
BW,Low,21567,central,25,300.0713000074029,BW.Low
BW,High,21567,central,26,400.6298000458619,BW.High
BW,High,21567,central,27,384.2811000067736,BW.High
RG,Low,21567,central,28,367.25040001329035,RG.Low
RG,Low,21567,central,29,317.66389997210354,RG.Low
RG,High,21567,central,30,333.575899945572,RG.High
RG,High,21567,central,31,300.19680003169924,RG.High
BW,Low,21567,central,32,268.1991000426933,BW.Low
RG,Low,21567,peripheral,1,367.0458999695247,RG.Low
BW,Low,21567,peripheral,2,301.5492000849922,BW.Low
RG,High,21567,peripheral,3,435.0377999944608,RG.High
BW,High,21567,peripheral,4,383.28059995546937,BW.High
RG,High,21567,peripheral,5,433.3510000724343,RG.High
RG,Low,21567,peripheral,6,334.141599945724,RG.Low
BW,Low,21567,peripheral,7,266.57380000688045,BW.Low
BW,High,21567,peripheral,8,517.2006000066176,BW.High
RG,High,21567,peripheral,9,317.8716000402346,RG.High
RG,Low,21567,peripheral,10,366.8549000285566,RG.Low
BW,Low,21567,peripheral,11,300.9482999332249,BW.Low
RG,High,21567,peripheral,12,317.4878999125208,RG.High
BW,High,21567,peripheral,13,384.11860004998744,BW.High
BW,Low,21567,peripheral,14,284.5914999488741,BW.Low
RG,Low,21567,peripheral,15,350.8715000934899,RG.Low
BW,High,21567,peripheral,16,418.13480004202484,BW.High
RG,High,21567,peripheral,17,367.1411999966949,RG.High
BW,Low,21567,peripheral,18,301.29570001736283,BW.Low
RG,Low,21567,peripheral,19,333.8742998894304,RG.Low
BW,Low,21567,peripheral,21,268.7337000388652,BW.Low
RG,Low,21567,peripheral,22,300.3037999151279,RG.Low
BW,High,21567,peripheral,23,368.6936000594869,BW.High
RG,High,21567,peripheral,24,318.04119993466884,RG.High
BW,High,21567,peripheral,25,434.7528000362215,BW.High
BW,Low,21567,peripheral,27,301.63270002231,BW.Low
RG,High,21567,peripheral,28,400.44680004939437,RG.High
RG,High,21567,peripheral,29,367.55040008574724,RG.High
BW,Low,21567,peripheral,30,217.03480009455234,BW.Low
RG,Low,21567,peripheral,31,334.22890002839176,RG.Low
BW,High,21567,peripheral,32,400.5450999829918,BW.High
RG,Low,21568,central,1,317.4386001192031,RG.Low
RG,High,21568,central,2,268.187299836427,RG.High
BW,Low,21568,central,3,233.6585000157365,BW.Low
BW,High,21568,central,4,418.2034998666493,BW.High
BW,High,21568,central,5,368.48310008644967,BW.High
RG,Low,21568,central,6,283.88940007425845,RG.Low
BW,Low,21568,central,7,451.0300001129508,BW.Low
RG,High,21568,central,8,467.3081000801176,RG.High
RG,Low,21568,central,9,283.7521000765264,RG.Low
BW,Low,21568,central,10,217.32569998130114,BW.Low
RG,Low,21568,central,11,300.3700999543071,RG.Low
BW,High,21568,central,12,417.50139999203384,BW.High
RG,High,21568,central,13,467.1221000608057,RG.High
RG,High,21568,central,15,284.0682999230919,RG.High
BW,Low,21568,central,16,266.92400011233894,BW.Low
RG,High,21568,central,17,267.21780002117157,RG.High
BW,Low,21568,central,18,250.44269999489143,BW.Low
BW,Low,21568,central,19,250.3782999701798,BW.Low
BW,High,21568,central,20,416.86820005998015,BW.High
RG,High,21568,central,21,300.55359983816743,RG.High
RG,Low,21568,central,22,266.6744999587536,RG.Low
RG,Low,21568,central,23,316.9154999777657,RG.Low
BW,High,21568,central,24,367.0517997816205,BW.High
RG,High,21568,central,25,300.41890009306417,RG.High
RG,Low,21568,central,26,299.9497000128031,RG.Low
BW,High,21568,central,27,300.3618000075212,BW.High
BW,Low,21568,central,28,267.5050999969244,BW.Low
BW,High,21568,central,29,366.34419998154044,BW.High
RG,High,21568,central,30,316.6909001301974,RG.High
BW,Low,21568,central,31,316.67679990641864,BW.Low
RG,Low,21568,central,32,383.6455000564456,RG.Low
RG,High,21568,peripheral,1,317.3544001765549,RG.High
BW,High,21568,peripheral,2,333.41050008311777,BW.High
RG,Low,21568,peripheral,3,249.95309999212623,RG.Low
BW,High,21568,peripheral,4,350.3314000554383,BW.High
RG,Low,21568,peripheral,5,366.5258998516947,RG.Low
RG,High,21568,peripheral,6,283.8389999233177,RG.High
BW,Low,21568,peripheral,7,233.57099993154407,BW.Low
BW,Low,21568,peripheral,8,300.44299992732704,BW.Low
BW,Low,21568,peripheral,9,283.73780008405356,BW.Low
BW,Low,21568,peripheral,10,300.6063001230359,BW.Low
BW,High,21568,peripheral,11,333.31160014495254,BW.High
BW,High,21568,peripheral,12,366.9038999360057,BW.High
RG,High,21568,peripheral,13,283.64729997701943,RG.High
RG,Low,21568,peripheral,14,334.50350002385676,RG.Low
RG,Low,21568,peripheral,15,367.4745000898838,RG.Low
RG,High,21568,peripheral,16,300.3561000805348,RG.High
BW,Low,21568,peripheral,17,217.0963000971824,BW.Low
BW,Low,21568,peripheral,19,283.82740006782115,BW.Low
RG,High,21568,peripheral,21,317.9569998756051,RG.High
RG,Low,21568,peripheral,22,316.8206999544054,RG.Low
RG,Low,21568,peripheral,23,550.7935998030009,RG.Low
BW,High,21568,peripheral,24,467.4988999031484,BW.High
RG,Low,21568,peripheral,25,284.6797001548107,RG.Low
BW,Low,21568,peripheral,26,266.76869997754693,BW.Low
BW,High,21568,peripheral,27,350.8945000357926,BW.High
BW,High,21568,peripheral,28,516.7115000076592,BW.High
RG,High,21568,peripheral,29,351.41159989871085,RG.High
RG,Low,21568,peripheral,31,317.42520001717,RG.Low
BW,Low,21568,peripheral,32,334.5427999738595,BW.Low
BW,Low,21568,peripheral,1,417.0363999437541,BW.Low
BW,High,21568,peripheral,2,433.62340005114675,BW.High
RG,High,21568,peripheral,3,433.91470005735755,RG.High
RG,Low,21568,peripheral,4,334.4312999397516,RG.Low
RG,High,21568,peripheral,5,367.1498999465266,RG.High
BW,Low,21568,peripheral,6,267.5051998812701,BW.Low
BW,High,21568,peripheral,7,317.75199994444756,BW.High
RG,Low,21568,peripheral,8,384.0455000754446,RG.Low
RG,Low,21568,peripheral,9,350.36349995061755,RG.Low
RG,Low,21568,peripheral,10,283.6309000849724,RG.Low
RG,High,21568,peripheral,11,333.8029000442475,RG.High
RG,High,21568,peripheral,12,267.0293999835849,RG.High
BW,Low,21568,peripheral,13,250.3372998908162,BW.Low
BW,High,21568,peripheral,14,418.222700012848,BW.High
BW,Low,21568,peripheral,15,317.3145998734981,BW.Low
BW,High,21568,peripheral,16,383.05520010180817,BW.High
RG,Low,21568,peripheral,17,317.58150015957654,RG.Low
BW,Low,21568,peripheral,18,467.13639982044697,BW.Low
BW,High,21568,peripheral,19,284.5737999305129,BW.High
RG,High,21568,peripheral,20,333.7403000332415,RG.High
BW,High,21568,peripheral,21,433.6304999887943,BW.High
BW,Low,21568,peripheral,23,284.0306998696178,BW.Low
RG,Low,21568,peripheral,24,317.81150004826486,RG.Low
RG,High,21568,peripheral,25,433.7589000351727,RG.High
RG,Low,21568,peripheral,26,416.98959982022643,RG.Low
BW,High,21568,peripheral,27,317.0887001324454,BW.High
BW,High,21568,peripheral,28,450.32840012572615,BW.High
RG,High,21568,peripheral,29,500.19649998284876,RG.High
BW,Low,21568,peripheral,30,284.3879999127239,BW.Low
RG,Low,21568,peripheral,31,267.69990008324385,RG.Low
BW,Low,21568,peripheral,32,250.9275998454541,BW.Low
BW,Low,21568,central,1,283.4280999377379,BW.Low
RG,High,21568,central,2,283.81379996426404,RG.High
RG,High,21568,central,3,333.5746999364346,RG.High
RG,Low,21568,central,4,284.1857001185415,RG.Low
BW,High,21568,central,5,301.26580013893545,BW.High
BW,High,21568,central,6,400.5701001733539,BW.High
RG,Low,21568,central,7,283.9685000944885,RG.Low
BW,Low,21568,central,8,267.41450000554323,BW.Low
RG,Low,21568,central,9,333.76000006683194,RG.Low
BW,High,21568,central,10,367.2299000900239,BW.High
RG,High,21568,central,11,300.48019997775646,RG.High
RG,High,21568,central,12,333.6533000692723,RG.High
BW,Low,21568,central,13,233.91910013742745,BW.Low
BW,Low,21568,central,14,267.3384000081569,BW.Low
BW,High,21568,central,15,350.44849989935756,BW.High
RG,Low,21568,central,16,334.155100164935,RG.Low
BW,Low,21568,central,17,400.85390000604093,BW.Low
RG,Low,21568,central,18,333.79770000465214,RG.Low
RG,High,21568,central,19,350.60370014980435,RG.High
BW,Low,21568,central,20,233.63679996691644,BW.Low
BW,High,21568,central,21,400.91510000638664,BW.High
BW,High,21568,central,22,367.2775998711584,BW.High
RG,High,21568,central,23,300.81179994158447,RG.High
RG,Low,21568,central,24,301.2316001113504,RG.Low
BW,High,21568,central,25,317.8809001110492,BW.High
BW,Low,21568,central,26,250.32910006120713,BW.Low
RG,Low,21568,central,27,333.66460003890097,RG.Low
BW,Low,21568,central,28,266.72159996815117,BW.Low
RG,Low,21568,central,29,383.5493000224235,RG.Low
RG,High,21568,central,30,367.659399984404,RG.High
BW,High,21568,central,31,267.178000183776,BW.High
RG,High,21568,central,32,318.20910004898906,RG.High
BW,Low,21570,central,1,250.5548000335691,BW.Low
BW,High,21570,central,2,400.3696999279782,BW.High
RG,High,21570,central,3,316.8792000506078,RG.High
RG,High,21570,central,4,285.1818000199271,RG.High
BW,Low,21570,central,5,284.2620000010361,BW.Low
RG,Low,21570,central,6,318.3471999363974,RG.Low
BW,High,21570,central,7,367.1621000394225,BW.High
RG,Low,21570,central,8,300.0849999953059,RG.Low
RG,Low,21570,central,9,268.52009992580815,RG.Low
RG,Low,21570,central,10,300.650899996981,RG.Low
RG,High,21570,central,11,400.95110004767776,RG.High
BW,High,21570,central,12,284.0565000660715,BW.High
BW,High,21570,central,13,317.5263999728486,BW.High
RG,High,21570,central,14,400.41690005455166,RG.High
BW,Low,21570,central,15,350.39399995002896,BW.Low
BW,Low,21570,central,16,284.30639998987317,BW.Low
BW,Low,21570,central,17,317.3323000082746,BW.Low
BW,High,21570,central,18,384.0192999923602,BW.High
RG,Low,21570,central,20,367.40079999435693,RG.Low
RG,Low,21570,central,21,417.7964000264185,RG.Low
RG,High,21570,central,22,383.4987999871371,RG.High
BW,Low,21570,central,23,351.10019997227937,BW.Low
BW,High,21570,central,24,400.9470000164574,BW.High
RG,Low,21570,central,25,250.3697999054566,RG.Low
RG,High,21570,central,26,400.783299934119,RG.High
BW,Low,21570,central,27,217.45019999798387,BW.Low
BW,Low,21570,central,28,350.22669995669276,BW.Low
RG,Low,21570,central,29,367.2417000634605,RG.Low
RG,High,21570,central,30,450.84720000158995,RG.High
BW,High,21570,central,31,383.1885999534279,BW.High
BW,Low,21570,peripheral,1,300.9143000235781,BW.Low
BW,High,21570,peripheral,2,400.0220000743866,BW.High
RG,High,21570,peripheral,3,318.10050003696233,RG.High
BW,High,21570,peripheral,4,384.09710000269115,BW.High
RG,Low,21570,peripheral,5,350.73869989719196,RG.Low
RG,High,21570,peripheral,6,385.0219999440012,RG.High
BW,Low,21570,peripheral,7,317.503200029023,BW.Low
RG,Low,21570,peripheral,8,333.8849000865598,RG.Low
RG,High,21570,peripheral,9,316.8167000403628,RG.High
BW,Low,21570,peripheral,10,233.93270000815303,BW.Low
RG,Low,21570,peripheral,12,334.1090999310827,RG.Low
RG,Low,21570,peripheral,13,350.7027999730781,RG.Low
BW,Low,21570,peripheral,15,334.6074000000956,BW.Low
RG,High,21570,peripheral,16,367.67669999971986,RG.High
BW,High,21570,peripheral,17,317.28690001182235,BW.High
RG,Low,21570,peripheral,18,450.10729995556176,RG.Low
RG,High,21570,peripheral,19,318.35630000568926,RG.High
RG,Low,21570,peripheral,20,350.76980001758693,RG.Low
BW,High,21570,peripheral,21,417.78599994722754,BW.High
BW,Low,21570,peripheral,22,367.11509991437197,BW.Low
RG,High,21570,peripheral,23,384.16849996428937,RG.High
BW,Low,21570,peripheral,24,300.81319995224476,BW.Low
RG,Low,21570,peripheral,25,300.01799995079637,RG.Low
RG,Low,21570,peripheral,26,316.9440999627104,RG.Low
BW,High,21570,peripheral,27,367.1622999245301,BW.High
BW,Low,21570,peripheral,28,267.3207999905567,BW.Low
BW,Low,21570,peripheral,29,250.85279997438192,BW.Low
RG,High,21570,peripheral,30,434.0578999835998,RG.High
BW,High,21570,peripheral,31,466.8009000597517,BW.High
RG,High,21570,peripheral,1,450.8049999130885,RG.High
BW,High,21570,peripheral,2,317.2173999482766,BW.High
BW,High,21570,peripheral,4,300.7121999980882,BW.High
RG,Low,21570,peripheral,5,283.2727999193594,RG.Low
RG,Low,21570,peripheral,6,400.940300081857,RG.Low
BW,Low,21570,peripheral,7,284.4518000492826,BW.Low
RG,High,21570,peripheral,8,417.8795000771056,RG.High
BW,High,21570,peripheral,9,334.31099995504974,BW.High
BW,Low,21570,peripheral,10,300.3121999790892,BW.Low
RG,High,21570,peripheral,11,384.67419997323304,RG.High
RG,Low,21570,peripheral,12,300.9724000003189,RG.Low
RG,High,21570,peripheral,13,266.90639997832477,RG.High
BW,Low,21570,peripheral,14,350.94770009163767,BW.Low
BW,High,21570,peripheral,15,366.9496999355033,BW.High
RG,Low,21570,peripheral,16,367.32239997945726,RG.Low
BW,Low,21570,peripheral,17,283.95289997570217,BW.Low
BW,High,21570,peripheral,18,300.8808000013232,BW.High
RG,High,21570,peripheral,19,333.5916999494657,RG.High
RG,Low,21570,peripheral,20,334.2088999925181,RG.Low
RG,Low,21570,peripheral,21,267.57060003001243,RG.Low
BW,Low,21570,peripheral,22,283.66130008362234,BW.Low
BW,High,21570,peripheral,23,417.6332000643015,BW.High
RG,High,21570,peripheral,24,350.6831000559032,RG.High
BW,High,21570,peripheral,25,418.2822000002484,BW.High
RG,High,21570,peripheral,26,300.3540000645444,RG.High
BW,Low,21570,peripheral,27,334.17970000300556,BW.Low
RG,Low,21570,peripheral,28,400.88240010663867,RG.Low
RG,Low,21570,peripheral,29,383.93599994014903,RG.Low
RG,High,21570,peripheral,30,451.3946999795735,RG.High
BW,Low,21570,peripheral,31,334.34069994837046,BW.Low
BW,High,21570,central,1,450.93010005075485,BW.High
RG,High,21570,central,2,450.1583001110703,RG.High
BW,High,21570,central,3,334.1647000052044,BW.High
BW,Low,21570,central,4,316.4733999874438,BW.Low
BW,Low,21570,central,5,400.42479999829084,BW.Low
RG,Low,21570,central,6,317.4028999637803,RG.Low
RG,High,21570,central,7,300.4940999671817,RG.High
RG,Low,21570,central,8,333.6740999948224,RG.Low
BW,High,21570,central,9,300.7323999190703,BW.High
RG,Low,21570,central,10,266.7141000274578,RG.Low
RG,High,21570,central,11,317.20769999083154,RG.High
BW,Low,21570,central,12,251.02540000807494,BW.Low
RG,Low,21570,central,14,383.54680000338703,RG.Low
BW,High,21570,central,15,366.9717999873685,BW.High
BW,Low,21570,central,16,250.2357999328524,BW.Low
RG,Low,21570,central,19,383.8009999599308,RG.Low
RG,High,21570,central,20,367.19610006548464,RG.High
BW,Low,21570,central,21,283.6655999999489,BW.Low
BW,High,21570,central,22,467.1400999650359,BW.High
BW,High,21570,central,23,400.51349997520447,BW.High
BW,Low,21570,central,25,317.4198999768123,BW.Low
RG,High,21570,central,26,350.35289998631924,RG.High
RG,Low,21570,central,27,350.57260002940893,RG.Low
BW,High,21570,central,28,300.95730000175536,BW.High
RG,High,21570,central,29,417.6222000969574,RG.High
RG,Low,21570,central,30,317.5380999455224,RG.Low
BW,High,21570,central,31,300.0388999935235,BW.High
BW,Low,21570,central,32,233.87380002532154,BW.Low
RG,Low,21581,central,2,249.73859987221658,RG.Low
BW,Low,21581,central,3,251.65840005502105,BW.Low
BW,High,21581,central,4,367.69880005158484,BW.High
BW,Low,21581,central,5,217.97299990430474,BW.Low
RG,High,21581,central,6,283.9059000834825,RG.High
RG,Low,21581,central,7,284.1415998991581,RG.Low
RG,High,21581,central,8,267.91499997489154,RG.High
BW,Low,21581,central,9,234.80520001612604,BW.Low
RG,High,21581,central,10,267.41229998879135,RG.High
RG,High,21581,central,11,284.6839998383084,RG.High
BW,High,21581,central,12,301.077299984172,BW.High
BW,Low,21581,central,13,217.52410009503365,BW.Low
RG,Low,21581,central,14,266.98600011877716,RG.Low
BW,High,21581,central,15,400.5684999283403,BW.High
RG,Low,21581,central,16,334.17130005546005,RG.Low
BW,Low,21581,central,17,250.6564999930556,BW.Low
RG,High,21581,central,18,250.75069977901788,RG.High
RG,Low,21581,central,19,266.73749997280447,RG.Low
BW,Low,21581,central,20,217.1402000822127,BW.Low
RG,High,21581,central,21,333.67559988982975,RG.High
RG,Low,21581,central,22,268.2783000636846,RG.Low
BW,High,21581,central,23,417.26640006527305,BW.High
BW,High,21581,central,24,417.5080999266356,BW.High
BW,Low,21581,central,25,251.143200090155,BW.Low
RG,Low,21581,central,26,251.62950018420815,RG.Low
RG,High,21581,central,27,283.9919999241829,RG.High
BW,High,21581,central,28,334.0401998721063,BW.High
BW,Low,21581,central,29,233.56570000760257,BW.Low
RG,Low,21581,central,30,250.6309999153018,RG.Low
BW,High,21581,central,31,401.2100999243555,BW.High
RG,High,21581,central,32,249.74679993465543,RG.High
BW,High,21581,peripheral,1,384.40540013834834,BW.High
BW,Low,21581,peripheral,2,250.9082998149097,BW.Low
RG,Low,21581,peripheral,3,367.6082999445489,RG.Low
BW,High,21581,peripheral,4,450.4730000626296,BW.High
BW,Low,21581,peripheral,5,250.50340010784566,BW.Low
RG,Low,21581,peripheral,6,284.676699899137,RG.Low
RG,High,21581,peripheral,7,434.9687001667919,RG.High
RG,High,21581,peripheral,8,317.58649996481836,RG.High
BW,High,21581,peripheral,9,367.0823001302781,BW.High
RG,Low,21581,peripheral,10,417.41500003263354,RG.Low
BW,High,21581,peripheral,11,384.2256001662463,BW.High
RG,High,21581,peripheral,12,449.6709001250565,RG.High
BW,Low,21581,peripheral,13,234.39320013858378,BW.Low
BW,Low,21581,peripheral,14,234.7031999379401,BW.Low
RG,Low,21581,peripheral,15,267.46400003321423,RG.Low
RG,High,21581,peripheral,16,367.01359995640814,RG.High
BW,High,21581,peripheral,17,318.10380006209016,BW.High
RG,High,21581,peripheral,18,300.9525998495519,RG.High
BW,Low,21581,peripheral,19,250.69470005109906,BW.Low
RG,Low,21581,peripheral,20,301.6203998122364,RG.Low
BW,High,21581,peripheral,21,351.6675001010299,BW.High
RG,High,21581,peripheral,22,417.20220004208386,RG.High
RG,Low,21581,peripheral,23,334.21430015005217,RG.Low
BW,Low,21581,peripheral,24,234.51629979535983,BW.Low
RG,Low,21581,peripheral,25,334.9772000219682,RG.Low
BW,High,21581,peripheral,26,368.0124001111835,BW.High
BW,High,21581,peripheral,27,299.9301999807353,BW.High
BW,Low,21581,peripheral,28,251.2804998550564,BW.Low
RG,High,21581,peripheral,29,300.8386001456529,RG.High
BW,Low,21581,peripheral,30,251.80219998583198,BW.Low
RG,High,21581,peripheral,31,283.5039000492543,RG.High
RG,Low,21581,peripheral,32,267.61450013145804,RG.Low
BW,High,21581,peripheral,1,367.66609991900623,BW.High
BW,Low,21581,peripheral,2,250.7777998689571,BW.Low
RG,High,21581,peripheral,3,300.5581002216786,RG.High
RG,Low,21581,peripheral,4,300.81379995681345,RG.Low
RG,Low,21581,peripheral,5,250.90939993970096,RG.Low
BW,High,21581,peripheral,6,383.7482999078925,BW.High
BW,Low,21581,peripheral,7,217.87020005285652,BW.Low
RG,High,21581,peripheral,8,333.2936000078921,RG.High
BW,Low,21581,peripheral,9,251.02690001949668,BW.Low
BW,High,21581,peripheral,10,333.9122999459496,BW.High
BW,High,21581,peripheral,11,350.5131001584232,BW.High
RG,Low,21581,peripheral,12,284.4513999298215,RG.Low
RG,Low,21581,peripheral,13,300.33140000887215,RG.Low
BW,Low,21581,peripheral,14,334.0173000469804,BW.Low
RG,High,21581,peripheral,15,300.2543000038713,RG.High
RG,High,21581,peripheral,16,284.4448001123965,RG.High
RG,Low,21581,peripheral,17,300.0837001018226,RG.Low
RG,Low,21581,peripheral,18,284.2964001465589,RG.Low
BW,High,21581,peripheral,19,300.6356998812407,BW.High
BW,Low,21581,peripheral,20,267.50799990259065,BW.Low
RG,High,21581,peripheral,21,300.56969984434545,RG.High
BW,Low,21581,peripheral,23,267.25980010814965,BW.Low
RG,High,21581,peripheral,24,267.5071000121534,RG.High
RG,Low,21581,peripheral,25,284.57530005834906,RG.Low
BW,Low,21581,peripheral,26,284.2693000566205,BW.Low
BW,Low,21581,peripheral,27,300.3341001458466,BW.Low
RG,High,21581,peripheral,28,334.2860001139345,RG.High
BW,High,21581,peripheral,29,283.4242000244558,BW.High
RG,Low,21581,peripheral,30,283.6567999329418,RG.Low
RG,High,21581,peripheral,32,300.76910019852176,RG.High
BW,Low,21581,central,1,251.07900006696582,BW.Low
RG,High,21581,central,2,384.9619999527931,RG.High
RG,Low,21581,central,3,267.354300012812,RG.Low
BW,Low,21581,central,4,267.427499871701,BW.Low
BW,High,21581,central,5,418.5754000209263,BW.High
BW,High,21581,central,6,450.6328001152724,BW.High
RG,Low,21581,central,7,283.67820009589195,RG.Low
RG,High,21581,central,8,399.76219995878637,RG.High
RG,High,21581,central,10,317.02399998903275,RG.High
RG,Low,21581,central,11,251.15370005369186,RG.Low
RG,Low,21581,central,12,283.7394999805838,RG.Low
RG,High,21581,central,13,317.74640013463795,RG.High
BW,High,21581,central,14,383.34319996647537,BW.High
BW,Low,21581,central,15,300.8557001594454,BW.Low
BW,Low,21581,central,16,283.3263000939039,BW.Low
BW,Low,21581,central,17,334.1173001099387,BW.Low
RG,High,21581,central,18,283.7060000747433,RG.High
BW,Low,21581,central,19,267.8836998529732,BW.Low
RG,Low,21581,central,20,283.6259000468999,RG.Low
BW,High,21581,central,21,433.77229990437627,BW.High
BW,High,21581,central,22,318.23490001261234,BW.High
RG,Low,21581,central,23,300.993000157177,RG.Low
RG,High,21581,central,24,284.2383999377489,RG.High
BW,High,21581,central,25,334.166100015864,BW.High
RG,High,21581,central,26,333.6893001105641,RG.High
BW,Low,21581,central,27,283.27639983035624,BW.Low
BW,Low,21581,central,28,267.39010005258024,BW.Low
RG,High,21581,central,29,434.3119999393821,RG.High
RG,Low,21581,central,31,318.2252000551666,RG.Low
RG,Low,21581,central,32,301.1153000406921,RG.Low
BW,Low,21615,central,2,234.46689988486492,BW.Low
RG,Low,21615,central,3,250.37250015884638,RG.Low
BW,Low,21615,central,4,283.9721997734159,BW.Low
RG,High,21615,central,5,217.2424998134377,RG.High
BW,High,21615,central,6,250.16799988225102,BW.High
RG,Low,21615,central,7,233.68649999611168,RG.Low
RG,High,21615,central,8,267.47229998000057,RG.High
BW,Low,21615,central,9,200.96839987672865,BW.Low
BW,Low,21615,central,10,234.57680013962002,BW.Low
BW,High,21615,central,11,284.203999908641,BW.High
BW,High,21615,central,12,317.5757999997586,BW.High
RG,High,21615,central,13,251.3633999042213,RG.High
RG,High,21615,central,14,216.8591001536695,RG.High
RG,Low,21615,central,15,251.19370012544096,RG.Low
RG,Low,21615,central,16,267.46980007737875,RG.Low
BW,Low,21615,central,17,217.17699989676476,BW.Low
RG,Low,21615,central,18,267.7386999130258,RG.Low
BW,High,21615,central,19,234.0847000014037,BW.High
RG,Low,21615,central,20,267.50950003042817,RG.Low
RG,High,21615,central,21,300.8870999328792,RG.High
RG,High,21615,central,22,317.0994999818504,RG.High
BW,Low,21615,central,23,200.3200000617662,BW.Low
BW,High,21615,central,24,266.76949998363807,BW.High
RG,High,21615,central,25,284.3875999096781,RG.High
RG,Low,21615,central,26,233.58030011877418,RG.Low
RG,Low,21615,central,27,250.653200084344,RG.Low
BW,High,21615,central,28,301.0336000006646,BW.High
BW,High,21615,central,29,251.2932000681749,BW.High
RG,High,21615,central,30,268.39350000955164,RG.High
BW,Low,21615,central,31,250.25400007143705,BW.Low
BW,Low,21615,central,32,250.0262998510152,BW.Low
RG,Low,21615,peripheral,2,249.92790003307164,RG.Low
RG,High,21615,peripheral,3,384.058400057256,RG.High
RG,High,21615,peripheral,4,251.32139981724322,RG.High
BW,High,21615,peripheral,5,267.179599963129,BW.High
BW,Low,21615,peripheral,6,233.88339998200536,BW.Low
BW,Low,21615,peripheral,7,250.40120002813637,BW.Low
RG,Low,21615,peripheral,8,250.15310011804016,RG.Low
BW,High,21615,peripheral,9,350.9396000299605,BW.High
RG,Low,21615,peripheral,10,233.7261000648141,RG.Low
BW,High,21615,peripheral,11,333.9695001486689,BW.High
RG,Low,21615,peripheral,12,266.2255000323055,RG.Low
BW,Low,21615,peripheral,13,250.0861999578774,BW.Low
RG,High,21615,peripheral,14,300.00659986399114,RG.High
RG,High,21615,peripheral,15,251.12379994243383,RG.High
BW,Low,21615,peripheral,16,234.14229997433722,BW.Low
RG,High,21615,peripheral,17,251.20979989878833,RG.High
BW,Low,21615,peripheral,18,233.62140008248412,BW.Low
BW,High,21615,peripheral,19,317.21300003118813,BW.High
BW,High,21615,peripheral,20,350.11729993857443,BW.High
RG,Low,21615,peripheral,21,283.46009994857013,RG.Low
RG,High,21615,peripheral,22,300.75279995799065,RG.High
RG,Low,21615,peripheral,23,267.71139982156456,RG.Low
BW,Low,21615,peripheral,24,234.19460002332926,BW.Low
BW,Low,21615,peripheral,25,233.8978999759993,BW.Low
BW,High,21615,peripheral,26,367.7088001277298,BW.High
RG,Low,21615,peripheral,27,300.4928999580443,RG.Low
RG,High,21615,peripheral,28,300.386399962008,RG.High
BW,High,21615,peripheral,29,333.86900019832046,BW.High
RG,High,21615,peripheral,30,367.1513998415321,RG.High
BW,Low,21615,peripheral,31,217.70259994082107,BW.Low
RG,Low,21615,peripheral,32,300.22839992307127,RG.Low
RG,High,21615,peripheral,1,267.1254000160843,RG.High
BW,High,21615,peripheral,2,300.1413000747559,BW.High
RG,Low,21615,peripheral,3,217.75229997001588,RG.Low
BW,Low,21615,peripheral,4,234.38679985702038,BW.Low
BW,High,21615,peripheral,6,316.8071999680251,BW.High
BW,Low,21615,peripheral,7,284.10020004957914,BW.Low
RG,Low,21615,peripheral,8,267.237699823454,RG.Low
RG,High,21615,peripheral,9,350.46779992990196,RG.High
BW,Low,21615,peripheral,10,233.87399991042912,BW.Low
RG,Low,21615,peripheral,11,233.999399933964,RG.Low
BW,High,21615,peripheral,12,318.09569988399744,BW.High
BW,High,21615,peripheral,13,317.2879000194371,BW.High
BW,Low,21615,peripheral,14,250.5305001977831,BW.Low
RG,Low,21615,peripheral,15,251.2127999216318,RG.Low
RG,High,21615,peripheral,16,316.7421000543977,RG.High
RG,High,21615,peripheral,17,251.9378999713817,RG.High
BW,High,21615,peripheral,18,301.45480018109083,BW.High
RG,Low,21615,peripheral,19,250.5920999683431,RG.Low
RG,Low,21615,peripheral,20,284.3669999856502,RG.Low
RG,High,21615,peripheral,21,284.2893998604268,RG.High
BW,Low,21615,peripheral,22,251.5686999540776,BW.Low
BW,Low,21615,peripheral,23,250.48020016402006,BW.Low
BW,High,21615,peripheral,24,301.27699999138713,BW.High
RG,Low,21615,peripheral,25,301.6925000119945,RG.Low
BW,High,21615,peripheral,26,350.69220000877976,BW.High
BW,Low,21615,peripheral,27,266.9438999146223,BW.Low
BW,Low,21615,peripheral,28,251.0848999954769,BW.Low
BW,High,21615,peripheral,29,317.08379997871907,BW.High
RG,Low,21615,peripheral,30,283.5256999824196,RG.Low
RG,High,21615,peripheral,31,250.47510000877082,RG.High
RG,High,21615,peripheral,32,300.2575000282377,RG.High
BW,Low,21615,central,1,217.97950007021382,BW.Low
BW,Low,21615,central,2,184.1547000221908,BW.Low
RG,Low,21615,central,3,233.71549998410046,RG.Low
RG,Low,21615,central,4,284.4273999799043,RG.Low
BW,High,21615,central,5,218.10410008765757,BW.High
RG,High,21615,central,8,284.3830999918282,RG.High
BW,Low,21615,central,9,250.4589001182469,BW.Low
RG,High,21615,central,10,233.13140007667198,RG.High
BW,High,21615,central,11,334.4946000725031,BW.High
BW,Low,21615,central,12,266.47580019198404,BW.Low
BW,High,21615,central,13,184.89160016179085,BW.High
RG,High,21615,central,14,268.4259999077767,RG.High
RG,Low,21615,central,15,217.20179985277355,RG.Low
RG,Low,21615,central,16,234.0430000331244,RG.Low
BW,High,21615,central,17,283.7972000706941,BW.High
RG,Low,21615,central,18,267.4241999629885,RG.Low
RG,High,21615,central,19,250.82700001075776,RG.High
BW,Low,21615,central,20,217.46700000949204,BW.Low
RG,High,21615,central,21,267.1427999157461,RG.High
BW,High,21615,central,22,300.39500002749264,BW.High
BW,Low,21615,central,23,233.38060011155903,BW.Low
RG,Low,21615,central,24,268.0100998841226,RG.Low
RG,High,21615,central,25,267.82390009611845,RG.High
RG,Low,21615,central,26,250.85470010526433,RG.Low
BW,High,21615,central,27,300.9528999682516,BW.High
BW,Low,21615,central,28,299.9885999597609,BW.Low
RG,Low,21615,central,30,267.99899991601706,RG.Low
RG,High,21615,central,31,350.50279996357835,RG.High
BW,Low,21615,central,32,284.15629989467607,BW.Low
